X_UTM,Y_UTM,ELEV_M,SUR_METHOD,QUAD_NAME
562364.12,2823325.00,0.59,Truck,Goulds
561156.43,2823294.69,0.90,Truck,Goulds
562585.73,2830901.50,2.65,Truck,Goulds
562223.48,2830571.79,3.22,Truck,Goulds
561729.53,2830144.27,3.24,Truck,Goulds
560056.69,2829400.44,2.59,Truck,Goulds
559781.52,2829399.25,2.57,Truck,Goulds
559337.21,2829389.90,3.21,Truck,Goulds
558924.43,2829382.49,3.72,Truck,Goulds
558521.57,2829375.49,3.47,Truck,Goulds
558100.02,2829369.61,3.19,Truck,Goulds
557673.96,2829362.29,3.72,Truck,Goulds
556459.53,2829345.78,2.69,Truck,Goulds
556077.32,2829341.24,2.67,Truck,Goulds
555649.95,2829330.91,3.41,Truck,Goulds
555214.39,2829323.78,2.93,Truck,Goulds
554839.12,2829314.94,2.81,Truck,Goulds
554463.28,2829305.77,2.93,Truck,Goulds
554021.96,2829296.51,2.59,Truck,Goulds
561981.73,2823265.10,0.99,Truck,Goulds
561530.96,2823307.15,1.11,Truck,Goulds
559923.66,2823001.05,1.50,Truck,Goulds
562531.89,2831285.93,2.50,Truck,Goulds
562167.93,2831267.65,3.00,Truck,Goulds
561760.58,2831252.36,2.78,Truck,Goulds
561361.79,2831234.99,3.37,Truck,Goulds
560952.43,2831218.32,3.42,Truck,Goulds
560538.84,2831203.18,3.37,Truck,Goulds
560126.31,2831186.33,2.45,Truck,Goulds
559726.27,2831170.70,2.38,Truck,Goulds
559324.29,2831154.06,2.43,Truck,Goulds
558912.00,2831141.02,3.93,Truck,Goulds
558540.21,2831121.43,2.35,Truck,Goulds
558083.87,2831100.16,3.20,Truck,Goulds
557671.03,2831081.45,4.26,Truck,Goulds
560137.31,2830772.58,2.32,Truck,Goulds
555662.35,2829855.41,3.04,Truck,Goulds
555206.28,2829848.25,2.81,Truck,Goulds
554829.59,2829841.73,2.53,Truck,Goulds
554489.61,2829834.94,2.82,Truck,Goulds
552797.63,2829679.18,2.99,Truck,Goulds
558455.75,2832577.02,2.39,Truck,Goulds
558145.23,2831926.13,2.19,Truck,Goulds
558604.59,2822153.38,1.43,Truck,Goulds
557494.01,2822528.19,2.42,Truck,Goulds
550306.12,2832453.84,2.28,Truck,Goulds
550346.62,2830549.42,2.04,Truck,Goulds
550344.70,2831651.90,2.12,Truck,Goulds
550378.43,2827185.36,2.51,Truck,Goulds
550370.96,2827591.58,2.51,Truck,Goulds
550375.71,2826785.60,2.43,Truck,Goulds
550376.29,2825165.04,2.58,Truck,Goulds
550394.36,2828410.72,2.28,Truck,Goulds
550403.81,2824775.42,2.40,Truck,Goulds
550401.19,2829210.83,2.10,Truck,Goulds
550409.20,2824000.70,2.48,Truck,Goulds
550402.62,2824357.44,2.55,Truck,Goulds
550412.37,2823543.65,2.57,Truck,Goulds
550439.94,2828002.22,2.35,Truck,Goulds
550411.39,2830032.99,2.83,Truck,Goulds
550416.03,2822733.98,2.49,Truck,Goulds
550439.18,2825985.52,2.51,Truck,Goulds
550438.76,2821100.84,2.85,Truck,Goulds
550689.13,2832852.41,2.23,Truck,Goulds
550673.31,2833247.36,2.17,Truck,Goulds
550683.98,2833859.10,2.12,Truck,Goulds
550712.98,2832456.64,2.28,Truck,Goulds
550727.61,2832044.17,2.16,Truck,Goulds
550740.71,2831655.38,2.12,Truck,Goulds
550755.09,2830552.22,2.11,Truck,Goulds
550754.24,2831254.31,1.97,Truck,Goulds
550753.14,2830036.74,2.47,Truck,Goulds
550766.21,2828811.10,2.45,Truck,Goulds
550774.23,2830849.97,2.07,Truck,Goulds
550760.85,2829212.38,2.20,Truck,Goulds
550755.58,2829611.29,3.26,Truck,Goulds
550775.48,2828006.24,2.45,Truck,Goulds
550770.69,2828416.00,2.42,Truck,Goulds
550766.21,2825983.02,2.37,Truck,Goulds
550785.29,2827192.09,2.47,Truck,Goulds
550789.92,2826789.13,2.46,Truck,Goulds
550790.22,2826426.48,2.24,Truck,Goulds
550780.35,2827596.18,2.43,Truck,Goulds
550800.19,2825169.39,2.39,Truck,Goulds
550807.59,2825600.02,2.32,Truck,Goulds
550805.37,2824784.87,2.37,Truck,Goulds
550820.63,2823548.99,2.55,Truck,Goulds
550817.22,2823979.34,2.51,Truck,Goulds
550810.18,2824375.69,2.76,Truck,Goulds
550824.26,2823076.01,2.51,Truck,Goulds
550825.63,2822739.89,2.47,Truck,Goulds
550833.55,2822333.37,2.59,Truck,Goulds
550851.41,2821105.53,2.87,Truck,Goulds
550855.52,2820704.34,2.90,Truck,Goulds
551083.40,2833257.32,2.11,Truck,Goulds
551127.92,2832457.86,2.42,Truck,Goulds
551170.36,2830853.36,2.24,Truck,Goulds
551175.85,2828418.31,2.31,Truck,Goulds
551169.39,2829218.90,2.21,Truck,Goulds
551173.20,2828819.05,2.30,Truck,Goulds
551176.18,2827194.41,2.34,Truck,Goulds
551186.51,2827605.44,2.51,Truck,Goulds
551183.47,2828007.61,2.51,Truck,Goulds
551195.10,2825992.90,2.37,Truck,Goulds
551198.03,2826795.77,2.57,Truck,Goulds
551234.47,2822743.03,3.14,Truck,Goulds
551204.34,2822331.75,1.97,Truck,Goulds
551223.41,2823552.52,3.18,Truck,Goulds
551196.99,2824366.00,2.67,Truck,Goulds
551206.71,2824779.38,2.55,Truck,Goulds
551209.33,2830040.43,2.37,Truck,Goulds
551234.17,2820705.31,3.02,Truck,Goulds
551258.24,2821110.01,3.36,Truck,Goulds
551469.30,2833865.19,2.26,Truck,Goulds
551483.01,2833263.57,2.38,Truck,Goulds
551508.33,2832459.56,2.31,Truck,Goulds
551525.43,2832065.99,2.30,Truck,Goulds
551538.50,2831689.44,2.30,Truck,Goulds
551554.13,2831269.33,2.30,Truck,Goulds
551561.05,2830850.64,2.31,Truck,Goulds
551572.29,2829588.96,2.25,Truck,Goulds
551562.26,2830456.37,2.36,Truck,Goulds
551567.41,2830043.26,2.43,Truck,Goulds
551581.98,2829227.65,2.15,Truck,Goulds
551583.71,2828821.85,2.31,Truck,Goulds
551605.56,2826002.07,2.32,Truck,Goulds
551608.18,2826428.31,2.49,Truck,Goulds
551606.96,2826801.38,2.27,Truck,Goulds
551601.81,2827228.84,2.42,Truck,Goulds
551619.33,2825619.92,2.33,Truck,Goulds
551605.17,2827615.83,2.68,Truck,Goulds
551622.08,2825244.04,2.24,Truck,Goulds
551620.64,2828425.35,2.35,Truck,Goulds
551636.21,2823556.66,2.83,Truck,Goulds
551630.88,2824023.86,2.83,Truck,Goulds
551639.26,2823191.88,2.65,Truck,Goulds
551644.47,2822744.28,2.47,Truck,Goulds
551650.53,2824373.53,2.54,Truck,Goulds
551660.86,2821519.77,2.39,Truck,Goulds
551654.68,2821930.22,2.26,Truck,Goulds
551648.83,2822333.61,2.31,Truck,Goulds
551671.99,2820860.59,3.14,Truck,Goulds
551666.59,2821114.03,3.15,Truck,Goulds
551917.14,2832461.51,2.54,Truck,Goulds
551938.66,2831708.91,2.46,Truck,Goulds
551966.75,2833263.02,2.38,Truck,Goulds
551970.95,2830852.50,2.59,Truck,Goulds
551996.70,2828026.50,2.66,Truck,Goulds
552000.63,2830460.66,2.51,Truck,Goulds
552008.55,2826812.87,2.61,Truck,Goulds
552014.71,2826440.83,2.29,Truck,Goulds
552015.32,2826007.10,2.56,Truck,Goulds
552001.18,2828424.01,2.42,Truck,Goulds
552016.57,2829240.66,2.12,Truck,Goulds
551998.59,2827621.77,2.71,Truck,Goulds
552034.30,2829581.98,2.27,Truck,Goulds
552052.80,2822336.48,2.19,Truck,Goulds
552074.34,2823561.51,2.70,Truck,Goulds
552078.94,2821933.76,2.45,Truck,Goulds
552086.37,2824379.98,2.67,Truck,Goulds
552083.42,2822746.90,2.62,Truck,Goulds
552080.52,2821118.91,2.73,Truck,Goulds
552175.40,2820817.69,2.27,Truck,Goulds
552262.52,2833871.31,2.67,Truck,Goulds
552253.13,2834149.59,2.61,Truck,Goulds
552283.91,2833271.37,2.96,Truck,Goulds
552309.93,2832539.27,3.09,Truck,Goulds
552323.15,2832125.10,2.98,Truck,Goulds
552336.38,2831728.84,2.84,Truck,Goulds
552405.15,2828030.98,3.07,Truck,Goulds
552397.04,2829280.45,2.37,Truck,Goulds
552414.41,2827667.78,2.77,Truck,Goulds
552404.93,2828477.15,2.72,Truck,Goulds
552399.60,2828883.37,2.59,Truck,Goulds
552420.87,2826823.04,2.76,Truck,Goulds
552415.23,2827221.37,2.88,Truck,Goulds
552435.46,2826040.40,2.46,Truck,Goulds
552444.00,2824866.59,2.34,Truck,Goulds
552429.34,2826444.94,2.50,Truck,Goulds
552438.66,2825635.52,2.30,Truck,Goulds
552440.73,2825230.91,2.40,Truck,Goulds
552451.92,2823566.20,2.69,Truck,Goulds
552448.14,2823971.30,2.54,Truck,Goulds
552429.43,2824402.26,1.90,Truck,Goulds
552468.19,2822339.10,2.97,Truck,Goulds
552473.52,2821936.20,2.54,Truck,Goulds
552477.76,2821584.58,2.80,Truck,Goulds
552462.28,2822749.80,3.45,Truck,Goulds
552487.93,2820774.97,3.28,Truck,Goulds
552481.93,2821124.91,2.93,Truck,Goulds
552646.31,2834155.14,2.24,Truck,Goulds
552733.73,2832555.48,2.45,Truck,Goulds
552738.45,2832136.43,2.58,Truck,Goulds
552744.12,2831732.22,2.58,Truck,Goulds
552761.64,2830062.27,2.39,Truck,Goulds
552766.67,2829271.04,2.12,Truck,Goulds
552760.51,2831282.03,2.51,Truck,Goulds
552780.90,2830873.68,2.59,Truck,Goulds
552771.70,2825609.07,2.08,Truck,Goulds
552792.11,2827639.11,3.05,Truck,Goulds
552811.55,2828446.89,2.79,Truck,Goulds
552829.68,2826023.24,2.14,Truck,Goulds
552892.87,2823573.03,2.23,Truck,Goulds
552892.42,2824385.26,2.47,Truck,Goulds
552901.50,2822754.09,4.66,Truck,Goulds
552890.31,2821941.65,2.14,Truck,Goulds
553052.93,2825635.24,1.83,Truck,Goulds
553063.78,2834189.17,2.17,Truck,Goulds
553076.12,2833791.12,2.44,Truck,Goulds
553095.83,2833381.03,2.67,Truck,Goulds
553112.47,2832990.80,2.67,Truck,Goulds
553136.27,2832569.62,2.58,Truck,Goulds
553140.26,2832158.25,2.66,Truck,Goulds
553162.16,2830076.78,2.58,Truck,Goulds
553178.25,2829684.51,2.03,Truck,Goulds
553158.90,2829278.32,2.07,Truck,Goulds
553171.43,2831309.58,2.32,Truck,Goulds
553156.31,2831738.87,2.67,Truck,Goulds
553188.28,2830889.55,2.85,Truck,Goulds
553219.45,2828462.95,2.69,Truck,Goulds
553223.90,2827652.79,3.17,Truck,Goulds
553223.32,2828053.01,3.10,Truck,Goulds
553215.76,2828865.73,2.05,Truck,Goulds
553235.57,2826464.23,2.79,Truck,Goulds
553246.02,2827243.40,3.02,Truck,Goulds
553237.49,2826874.72,2.60,Truck,Goulds
553232.12,2826024.37,2.69,Truck,Goulds
553277.52,2824394.85,2.28,Truck,Goulds
553274.45,2823577.05,2.16,Truck,Goulds
553293.18,2822765.34,4.92,Truck,Goulds
553296.96,2821948.23,2.39,Truck,Goulds
553295.10,2822353.72,3.13,Truck,Goulds
553299.92,2821542.28,2.17,Truck,Goulds
553303.97,2821176.62,2.58,Truck,Goulds
553313.57,2820728.53,3.76,Truck,Goulds
553433.65,2825640.15,1.24,Truck,Goulds
553488.53,2833815.59,2.65,Truck,Goulds
553468.75,2834213.15,2.28,Truck,Goulds
553533.83,2828477.06,2.74,Truck,Goulds
553503.27,2833398.21,2.52,Truck,Goulds
553520.40,2833000.22,2.64,Truck,Goulds
553542.37,2832586.77,2.60,Truck,Goulds
553564.21,2832173.12,2.66,Truck,Goulds
553583.23,2831343.61,2.74,Truck,Goulds
553569.85,2831754.71,2.72,Truck,Goulds
553576.89,2829292.76,2.44,Truck,Goulds
553596.69,2830905.95,2.48,Truck,Goulds
553605.32,2827677.11,2.95,Truck,Goulds
553602.06,2828879.99,2.19,Truck,Goulds
553611.56,2830093.17,2.68,Truck,Goulds
553599.56,2826040.12,2.83,Truck,Goulds
553667.90,2825217.66,1.87,Truck,Goulds
553703.70,2824401.68,2.12,Truck,Goulds
553711.17,2822360.30,3.02,Truck,Goulds
553706.11,2822773.38,4.16,Truck,Goulds
553715.43,2821953.62,2.89,Truck,Goulds
553799.26,2821548.47,2.15,Truck,Goulds
553818.24,2821154.31,1.71,Truck,Goulds
553876.89,2834233.48,2.47,Truck,Goulds
553898.43,2833830.82,2.61,Truck,Goulds
553917.78,2833419.63,2.63,Truck,Goulds
553938.20,2833015.79,2.76,Truck,Goulds
553955.08,2832620.75,2.89,Truck,Goulds
553965.44,2832191.64,2.81,Truck,Goulds
553982.50,2830923.98,2.96,Truck,Goulds
553961.93,2831781.92,2.77,Truck,Goulds
553981.25,2831356.68,2.93,Truck,Goulds
554011.38,2830111.21,2.20,Truck,Goulds
554034.42,2828894.89,2.55,Truck,Goulds
554041.15,2828487.30,3.08,Truck,Goulds
554047.03,2828077.20,3.08,Truck,Goulds
554060.78,2827300.87,2.88,Truck,Goulds
554081.83,2825232.34,2.53,Truck,Goulds
554064.52,2826902.96,3.18,Truck,Goulds
554076.59,2826071.39,2.94,Truck,Goulds
554065.41,2826319.81,3.31,Truck,Goulds
554077.11,2825630.46,2.66,Truck,Goulds
554085.09,2824816.74,3.12,Truck,Goulds
554088.38,2824435.90,2.33,Truck,Goulds
554092.19,2823980.83,2.31,Truck,Goulds
554097.00,2823593.59,2.27,Truck,Goulds
554112.39,2822780.60,3.18,Truck,Goulds
554103.49,2823210.59,4.11,Truck,Goulds
554116.96,2822374.41,3.21,Truck,Goulds
554124.55,2821552.98,3.06,Truck,Goulds
554122.42,2821959.84,3.26,Truck,Goulds
554136.71,2820798.52,2.36,Truck,Goulds
554297.62,2834253.89,2.38,Truck,Goulds
554315.11,2833846.91,2.59,Truck,Goulds
554322.48,2833436.94,2.40,Truck,Goulds
554335.80,2833035.84,2.83,Truck,Goulds
554362.24,2830938.55,2.86,Truck,Goulds
554352.74,2832628.18,2.84,Truck,Goulds
554369.10,2831806.02,2.82,Truck,Goulds
554365.78,2832207.64,2.84,Truck,Goulds
554378.48,2825235.91,2.58,Truck,Goulds
554399.78,2826322.09,3.05,Truck,Goulds
554439.36,2827693.90,2.71,Truck,Goulds
554461.60,2826056.00,2.85,Truck,Goulds
554482.48,2824830.05,2.94,Truck,Goulds
554488.14,2824419.84,2.96,Truck,Goulds
554512.76,2823596.58,1.94,Truck,Goulds
554523.21,2821963.19,3.21,Truck,Goulds
554518.00,2822787.06,2.81,Truck,Goulds
554531.99,2821557.52,2.85,Truck,Goulds
554128.63,2821144.47,2.43,Truck,Goulds
554538.24,2821150.72,3.42,Truck,Goulds
554547.86,2820748.40,2.78,Truck,Goulds
554613.43,2830336.47,2.51,Truck,Goulds
554696.74,2834261.87,2.54,Truck,Goulds
554692.29,2831387.18,2.86,Truck,Goulds
554716.57,2833864.40,2.65,Truck,Goulds
554729.55,2830953.72,2.91,Truck,Goulds
554736.84,2833055.86,3.25,Truck,Goulds
554725.14,2833453.91,2.76,Truck,Goulds
554754.39,2832647.99,2.86,Truck,Goulds
554776.84,2832224.49,2.92,Truck,Goulds
554790.56,2831827.29,2.90,Truck,Goulds
554846.89,2828905.67,2.49,Truck,Goulds
554854.82,2828456.86,3.36,Truck,Goulds
554861.43,2828085.58,3.06,Truck,Goulds
554862.71,2827725.04,2.90,Truck,Goulds
554881.75,2826806.68,3.07,Truck,Goulds
554870.99,2827317.32,3.36,Truck,Goulds
554892.45,2826052.83,3.10,Truck,Goulds
554879.37,2826409.20,3.26,Truck,Goulds
554891.35,2825698.10,3.04,Truck,Goulds
554908.38,2824437.27,3.05,Truck,Goulds
554882.02,2825246.05,2.26,Truck,Goulds
554895.74,2824837.24,2.94,Truck,Goulds
554905.03,2824013.68,3.13,Truck,Goulds
554912.04,2823603.10,3.27,Truck,Goulds
554927.00,2821967.88,3.27,Truck,Goulds
554920.14,2823197.03,2.13,Truck,Goulds
554927.61,2822377.55,3.52,Truck,Goulds
554927.21,2822792.97,3.29,Truck,Goulds
554939.25,2821519.40,3.23,Truck,Goulds
554948.63,2821155.90,3.41,Truck,Goulds
554958.32,2820751.32,2.66,Truck,Goulds
555138.34,2825654.29,3.11,Truck,Goulds
555141.81,2833881.46,2.68,Truck,Goulds
555144.16,2833471.67,2.77,Truck,Goulds
555137.70,2833069.14,3.06,Truck,Goulds
555177.22,2831846.27,2.87,Truck,Goulds
555182.27,2830972.86,3.15,Truck,Goulds
555183.55,2832653.69,3.06,Truck,Goulds
555203.54,2832246.09,3.11,Truck,Goulds
555214.69,2826424.74,2.85,Truck,Goulds
555239.46,2828563.99,2.32,Truck,Goulds
555227.89,2830552.07,2.98,Truck,Goulds
555249.89,2830140.49,2.72,Truck,Goulds
555298.94,2827731.86,3.21,Truck,Goulds
555308.97,2825250.59,2.73,Truck,Goulds
555308.42,2826074.83,3.15,Truck,Goulds
555348.15,2821161.29,3.11,Truck,Goulds
555366.95,2820756.44,2.28,Truck,Goulds
555385.02,2821975.90,3.36,Truck,Goulds
555388.98,2824021.78,3.20,Truck,Goulds
555367.56,2824436.78,3.35,Truck,Goulds
555412.90,2822800.44,4.01,Truck,Goulds
555521.71,2833897.98,2.66,Truck,Goulds
555555.31,2833483.01,2.83,Truck,Goulds
555570.52,2833086.81,2.81,Truck,Goulds
555583.07,2832682.69,3.37,Truck,Goulds
555596.26,2832275.68,3.37,Truck,Goulds
555628.23,2830990.68,3.01,Truck,Goulds
555608.42,2831864.28,3.29,Truck,Goulds
555619.45,2831356.29,3.32,Truck,Goulds
555631.79,2830565.14,3.16,Truck,Goulds
555650.90,2830132.14,2.87,Truck,Goulds
555657.81,2828858.66,2.94,Truck,Goulds
555684.44,2827703.62,3.44,Truck,Goulds
555686.64,2827298.06,4.16,Truck,Goulds
555682.46,2828307.62,3.09,Truck,Goulds
555702.76,2826071.87,3.44,Truck,Goulds
555695.81,2826488.27,3.47,Truck,Goulds
555726.16,2824796.17,3.13,Truck,Goulds
555711.56,2825668.88,3.04,Truck,Goulds
555717.41,2825277.41,2.75,Truck,Goulds
555735.85,2824054.75,3.04,Truck,Goulds
555739.38,2823665.62,3.16,Truck,Goulds
555744.29,2823239.78,2.71,Truck,Goulds
555750.08,2822415.61,3.54,Truck,Goulds
555750.35,2822842.12,1.41,Truck,Goulds
555757.51,2821983.85,3.39,Truck,Goulds
555764.85,2821571.29,3.09,Truck,Goulds
555772.35,2821165.68,3.02,Truck,Goulds
555777.86,2820693.00,2.80,Truck,Goulds
556045.42,2833500.71,2.29,Truck,Goulds
556054.47,2832314.77,2.91,Truck,Goulds
556043.32,2831008.78,3.23,Truck,Goulds
556024.30,2831877.47,2.99,Truck,Goulds
556035.00,2833100.40,2.32,Truck,Goulds
556059.04,2832810.00,2.09,Truck,Goulds
556085.49,2828318.52,2.82,Truck,Goulds
556094.53,2827716.32,2.51,Truck,Goulds
556095.94,2826885.84,3.62,Truck,Goulds
556085.49,2827285.82,3.31,Truck,Goulds
556101.39,2826493.94,3.46,Truck,Goulds
556105.78,2830137.32,3.72,Truck,Goulds
556128.30,2826072.73,3.40,Truck,Goulds
556120.37,2825675.55,2.86,Truck,Goulds
556135.61,2825267.17,3.04,Truck,Goulds
556145.21,2823628.45,2.98,Truck,Goulds
556166.78,2821991.56,3.59,Truck,Goulds
556176.65,2821581.47,3.18,Truck,Goulds
556170.25,2824440.62,2.47,Truck,Goulds
556189.90,2822812.44,1.86,Truck,Goulds
556189.48,2823220.49,3.16,Truck,Goulds
556197.61,2820767.38,2.65,Truck,Goulds
556192.89,2821168.82,3.42,Truck,Goulds
556391.34,2833111.25,2.31,Truck,Goulds
556421.81,2831920.89,3.11,Truck,Goulds
556406.27,2832844.37,2.12,Truck,Goulds
556440.49,2831563.02,2.73,Truck,Goulds
556465.66,2829754.74,3.46,Truck,Goulds
556460.63,2831027.22,3.75,Truck,Goulds
556471.75,2830150.51,3.74,Truck,Goulds
556466.84,2822405.34,2.88,Truck,Goulds
556482.35,2828347.29,3.63,Truck,Goulds
556492.50,2827306.35,2.92,Truck,Goulds
556504.96,2827721.26,3.07,Truck,Goulds
556502.80,2826903.73,3.10,Truck,Goulds
556513.07,2826493.76,3.38,Truck,Goulds
556526.84,2825678.78,2.80,Truck,Goulds
556530.71,2825269.55,3.14,Truck,Goulds
556535.70,2824905.01,3.12,Truck,Goulds
556539.61,2824445.31,2.80,Truck,Goulds
556545.58,2824055.51,3.12,Truck,Goulds
556550.42,2823638.44,2.90,Truck,Goulds
556556.88,2823227.17,2.81,Truck,Goulds
556590.89,2821621.14,3.38,Truck,Goulds
556564.80,2822818.90,1.94,Truck,Goulds
556588.11,2820773.81,2.78,Truck,Goulds
556587.84,2821181.77,3.11,Truck,Goulds
556604.57,2822001.22,3.65,Truck,Goulds
556647.68,2832549.78,2.45,Truck,Goulds
556779.25,2832847.32,2.30,Truck,Goulds
556737.81,2834004.35,2.01,Truck,Goulds
556828.67,2833527.53,2.73,Truck,Goulds
556883.64,2828127.88,4.04,Truck,Goulds
556893.05,2827719.52,3.87,Truck,Goulds
556891.56,2830163.31,3.60,Truck,Goulds
556886.29,2828946.02,1.98,Truck,Goulds
556907.68,2826902.84,3.10,Truck,Goulds
556930.26,2822007.40,3.94,Truck,Goulds
556949.39,2824450.58,3.09,Truck,Goulds
556953.35,2823651.24,2.82,Truck,Goulds
556963.04,2820815.52,2.73,Truck,Goulds
556970.96,2823235.24,2.98,Truck,Goulds
556999.42,2822825.30,2.65,Truck,Goulds
557010.79,2821575.83,2.23,Truck,Goulds
557002.29,2824024.31,2.76,Truck,Goulds
557042.63,2831818.51,2.87,Truck,Goulds
557059.84,2822367.68,2.69,Truck,Goulds
557065.39,2821187.80,2.80,Truck,Goulds
557171.70,2833945.93,2.11,Truck,Goulds
557191.05,2833539.65,2.52,Truck,Goulds
557222.19,2832877.61,2.40,Truck,Goulds
557206.74,2833212.10,2.43,Truck,Goulds
557238.58,2832317.12,3.09,Truck,Goulds
557257.50,2831570.98,3.68,Truck,Goulds
557278.92,2830576.36,3.88,Truck,Goulds
557293.55,2829357.39,3.87,Truck,Goulds
557286.45,2830174.16,3.60,Truck,Goulds
557310.30,2828137.02,2.63,Truck,Goulds
557297.29,2828981.18,2.56,Truck,Goulds
557304.55,2828563.41,3.01,Truck,Goulds
557329.32,2826912.29,3.82,Truck,Goulds
557334.62,2826507.22,3.34,Truck,Goulds
557322.83,2827369.88,3.03,Truck,Goulds
557340.65,2826098.53,3.26,Truck,Goulds
557346.08,2825690.30,3.54,Truck,Goulds
557351.29,2825287.95,3.52,Truck,Goulds
557357.47,2824875.42,3.17,Truck,Goulds
557369.66,2824061.24,2.83,Truck,Goulds
557374.53,2823658.52,2.60,Truck,Goulds
557363.75,2824456.98,2.99,Truck,Goulds
557378.68,2823243.10,2.71,Truck,Goulds
557383.71,2822832.19,2.60,Truck,Goulds
557398.30,2820784.23,1.85,Truck,Goulds
557399.64,2821192.04,2.11,Truck,Goulds
557470.88,2822000.79,1.75,Truck,Goulds
557597.21,2833557.96,2.37,Truck,Goulds
557730.97,2827731.53,2.23,Truck,Goulds
557671.86,2832874.26,2.08,Truck,Goulds
557686.79,2830482.75,3.37,Truck,Goulds
557692.64,2830176.11,3.52,Truck,Goulds
557736.54,2826922.53,3.34,Truck,Goulds
557754.74,2825287.62,3.46,Truck,Goulds
557715.64,2821584.52,1.67,Truck,Goulds
557748.37,2826104.14,3.40,Truck,Goulds
557743.49,2826532.54,3.48,Truck,Goulds
557748.43,2824880.30,2.94,Truck,Goulds
557772.07,2824065.14,2.69,Truck,Goulds
557771.74,2824463.29,2.97,Truck,Goulds
557716.65,2822836.45,2.80,Truck,Goulds
557792.58,2823661.14,2.58,Truck,Goulds
557762.60,2823249.96,2.31,Truck,Goulds
557798.31,2822429.99,2.39,Truck,Goulds
557814.55,2820790.99,1.83,Truck,Goulds
557812.41,2821196.00,1.98,Truck,Goulds
557805.16,2822020.72,2.08,Truck,Goulds
557938.65,2827733.93,2.73,Truck,Goulds
557963.15,2833575.48,2.44,Truck,Goulds
557958.67,2833983.90,2.34,Truck,Goulds
557924.30,2827124.78,2.59,Truck,Goulds
558008.82,2833050.89,1.47,Truck,Goulds
558056.48,2831948.31,2.01,Truck,Goulds
558099.80,2830177.33,3.12,Truck,Goulds
558124.12,2826515.73,3.97,Truck,Goulds
558157.03,2826109.72,3.62,Truck,Goulds
558173.57,2824880.81,3.19,Truck,Goulds
558167.87,2825298.52,3.59,Truck,Goulds
558162.30,2825696.82,4.01,Truck,Goulds
558181.49,2824468.93,3.06,Truck,Goulds
558185.52,2824065.17,2.74,Truck,Goulds
558203.55,2821235.79,2.45,Truck,Goulds
558189.38,2823663.49,2.57,Truck,Goulds
558222.05,2820792.24,1.04,Truck,Goulds
558210.07,2822432.91,2.08,Truck,Goulds
558221.26,2822018.98,1.79,Truck,Goulds
558209.71,2822842.00,1.95,Truck,Goulds
558230.70,2821711.03,1.51,Truck,Goulds
558223.30,2823256.45,2.16,Truck,Goulds
558371.26,2833593.64,2.40,Truck,Goulds
558369.55,2834001.97,2.28,Truck,Goulds
558334.76,2827740.12,3.40,Truck,Goulds
558484.33,2833116.52,2.67,Truck,Goulds
558505.02,2826930.94,1.56,Truck,Goulds
558454.41,2826520.14,4.05,Truck,Goulds
558549.99,2826115.51,3.22,Truck,Goulds
558468.55,2831790.51,1.75,Truck,Goulds
558573.76,2825301.14,3.71,Truck,Goulds
558564.28,2830181.56,4.04,Truck,Goulds
558584.70,2828895.92,2.37,Truck,Goulds
558576.81,2821639.79,1.54,Truck,Goulds
558593.38,2824069.68,2.44,Truck,Goulds
558610.96,2828554.39,1.68,Truck,Goulds
558589.51,2824474.53,2.78,Truck,Goulds
558599.75,2823667.18,2.36,Truck,Goulds
558603.25,2823258.49,1.74,Truck,Goulds
558620.84,2822440.13,2.20,Truck,Goulds
558612.97,2822850.16,1.70,Truck,Goulds
558784.09,2834283.87,2.53,Truck,Goulds
558777.30,2833612.66,2.80,Truck,Goulds
558813.28,2832960.15,2.56,Truck,Goulds
558833.97,2832554.57,3.39,Truck,Goulds
558856.40,2825291.52,4.10,Truck,Goulds
558860.45,2831978.20,2.94,Truck,Goulds
558923.46,2829782.38,2.99,Truck,Goulds
558920.96,2830182.41,2.95,Truck,Goulds
558984.76,2828374.59,1.67,Truck,Goulds
558963.04,2826120.78,2.23,Truck,Goulds
558966.09,2827132.40,3.22,Truck,Goulds
558745.55,2827745.42,3.61,Truck,Goulds
558958.20,2827750.36,2.67,Truck,Goulds
558989.03,2824892.00,3.26,Truck,Goulds
558998.35,2824480.47,2.94,Truck,Goulds
559010.21,2823670.22,2.69,Truck,Goulds
559002.01,2824080.10,3.04,Truck,Goulds
559017.82,2823262.14,2.21,Truck,Goulds
559025.29,2822856.08,1.99,Truck,Goulds
559032.48,2822447.42,2.14,Truck,Goulds
559036.81,2822131.87,2.01,Truck,Goulds
559038.09,2821231.10,2.39,Truck,Goulds
559056.52,2820642.48,1.58,Truck,Goulds
559089.73,2828568.74,3.33,Truck,Goulds
559163.90,2834045.57,2.81,Truck,Goulds
559252.04,2831983.17,3.54,Truck,Goulds
559290.16,2831606.78,3.34,Truck,Goulds
559323.16,2830522.36,2.06,Truck,Goulds
559320.05,2830772.03,2.91,Truck,Goulds
559330.69,2829780.76,2.82,Truck,Goulds
559342.87,2828968.96,3.90,Truck,Goulds
559359.97,2827754.93,2.39,Truck,Goulds
559348.27,2828570.05,4.41,Truck,Goulds
559371.88,2826935.23,3.21,Truck,Goulds
559378.46,2826539.80,3.40,Truck,Goulds
559393.33,2825726.47,2.42,Truck,Goulds
559383.06,2826127.85,2.87,Truck,Goulds
559405.83,2824488.64,2.94,Truck,Goulds
559348.76,2828063.49,2.27,Truck,Goulds
559412.62,2824080.41,2.88,Truck,Goulds
559419.72,2823675.62,2.41,Truck,Goulds
559425.54,2823266.81,2.18,Truck,Goulds
559433.58,2822859.85,2.10,Truck,Goulds
559438.40,2822453.63,2.42,Truck,Goulds
559398.57,2825375.18,1.49,Truck,Goulds
559453.66,2820548.15,1.73,Truck,Goulds
559450.98,2820801.81,1.43,Truck,Goulds
559459.91,2824965.61,1.23,Truck,Goulds
559526.67,2830164.25,1.92,Truck,Goulds
559583.71,2831622.29,3.88,Truck,Goulds
559650.65,2828191.62,3.18,Truck,Goulds
559665.61,2828574.71,3.43,Truck,Goulds
559662.26,2832815.94,2.91,Truck,Goulds
559685.63,2833193.58,3.28,Truck,Goulds
559683.13,2832455.08,3.67,Truck,Goulds
559735.29,2827354.62,2.15,Truck,Goulds
559702.97,2832011.87,2.10,Truck,Goulds
559726.55,2830812.34,2.72,Truck,Goulds
559726.94,2830157.76,2.96,Truck,Goulds
559726.67,2830493.30,2.79,Truck,Goulds
559764.76,2827761.39,2.37,Truck,Goulds
559782.52,2826945.13,2.84,Truck,Goulds
559788.04,2826742.79,3.49,Truck,Goulds
559788.80,2826542.57,3.20,Truck,Goulds
559788.98,2829767.90,1.84,Truck,Goulds
559799.55,2826136.59,2.83,Truck,Goulds
559803.33,2824494.37,2.58,Truck,Goulds
559801.84,2825724.52,2.79,Truck,Goulds
559806.62,2825331.06,2.97,Truck,Goulds
559815.89,2825108.76,2.78,Truck,Goulds
559828.99,2823680.10,1.61,Truck,Goulds
559837.58,2823274.45,1.63,Truck,Goulds
559854.58,2822051.77,2.15,Truck,Goulds
559862.53,2821637.20,2.02,Truck,Goulds
559971.31,2828908.14,2.28,Truck,Goulds
559874.63,2820852.73,1.77,Truck,Goulds
559868.84,2821235.45,2.02,Truck,Goulds
559877.01,2820623.47,1.73,Truck,Goulds
559917.72,2828577.94,4.21,Truck,Goulds
560037.13,2833665.49,3.43,Truck,Goulds
560019.88,2833916.23,3.38,Truck,Goulds
560049.28,2829780.18,2.69,Truck,Goulds
560018.63,2833217.22,3.08,Truck,Goulds
560074.54,2831620.55,3.05,Truck,Goulds
559989.99,2826546.32,2.99,Truck,Goulds
560135.33,2830145.55,2.78,Truck,Goulds
560138.04,2830503.29,2.36,Truck,Goulds
560179.66,2827767.33,2.87,Truck,Goulds
560206.14,2826143.54,2.84,Truck,Goulds
560218.88,2825115.00,2.94,Truck,Goulds
560252.18,2825755.81,2.69,Truck,Goulds
560226.80,2823735.03,2.03,Truck,Goulds
560215.40,2825422.38,2.95,Truck,Goulds
560225.89,2824501.71,2.48,Truck,Goulds
560251.11,2828582.42,3.79,Truck,Goulds
560262.17,2821238.32,1.91,Truck,Goulds
560272.63,2824078.55,2.22,Truck,Goulds
560277.32,2833452.81,3.49,Truck,Goulds
560305.41,2822060.60,2.23,Truck,Goulds
560294.29,2822465.64,2.45,Truck,Goulds
560309.22,2833808.76,3.16,Truck,Goulds
560328.84,2820540.17,1.87,Truck,Goulds
560334.81,2820780.97,1.91,Truck,Goulds
560459.56,2831559.03,3.44,Truck,Goulds
560443.87,2834089.02,3.45,Truck,Goulds
560479.15,2832888.27,3.36,Truck,Goulds
560546.33,2830779.77,2.52,Truck,Goulds
560543.87,2826145.28,2.41,Truck,Goulds
560549.35,2830469.65,2.28,Truck,Goulds
560551.06,2830134.00,2.33,Truck,Goulds
560556.15,2829810.99,3.01,Truck,Goulds
560584.57,2827772.48,2.88,Truck,Goulds
560577.32,2828282.94,2.94,Truck,Goulds
560566.17,2828993.55,2.57,Truck,Goulds
560572.60,2828584.74,2.50,Truck,Goulds
560560.78,2829407.02,2.76,Truck,Goulds
560600.85,2826955.71,2.75,Truck,Goulds
560603.62,2833236.08,3.17,Truck,Goulds
560569.22,2827337.61,2.26,Truck,Goulds
560623.42,2825740.36,3.02,Truck,Goulds
560628.24,2825329.85,3.08,Truck,Goulds
560637.53,2824509.24,2.78,Truck,Goulds
560630.92,2825019.18,2.89,Truck,Goulds
560644.57,2824057.22,2.80,Truck,Goulds
560650.54,2823692.77,2.58,Truck,Goulds
560668.76,2822888.77,2.28,Truck,Goulds
560672.88,2822468.96,2.61,Truck,Goulds
560687.41,2821242.07,2.51,Truck,Goulds
560676.04,2822065.39,2.68,Truck,Goulds
560680.49,2821769.25,2.30,Truck,Goulds
560688.11,2820607.63,1.82,Truck,Goulds
560688.05,2820885.39,2.26,Truck,Goulds
560743.44,2826559.18,2.33,Truck,Goulds
560787.14,2833709.16,3.54,Truck,Goulds
560847.07,2831699.41,3.34,Truck,Goulds
560919.92,2832009.56,3.14,Truck,Goulds
560905.45,2834063.09,3.55,Truck,Goulds
560952.59,2830817.07,2.80,Truck,Goulds
560960.23,2824067.79,2.04,Truck,Goulds
560956.70,2830177.17,2.22,Truck,Goulds
560953.65,2830567.22,2.62,Truck,Goulds
560993.87,2827779.00,2.99,Truck,Goulds
561008.77,2826963.60,3.10,Truck,Goulds
561001.03,2827372.47,3.09,Truck,Goulds
561001.49,2828239.55,1.35,Truck,Goulds
561018.07,2826525.35,2.67,Truck,Goulds
561024.62,2826156.21,1.50,Truck,Goulds
561050.91,2829407.30,1.87,Truck,Goulds
561031.72,2825788.75,1.59,Truck,Goulds
561043.17,2823707.52,2.04,Truck,Goulds
561047.41,2824983.19,2.72,Truck,Goulds
561040.37,2825340.75,2.41,Truck,Goulds
561045.31,2829761.99,2.10,Truck,Goulds
561053.23,2824522.37,3.24,Truck,Goulds
561066.06,2828567.89,1.46,Truck,Goulds
561086.35,2820535.05,2.08,Truck,Goulds
561078.00,2828999.55,2.27,Truck,Goulds
561112.28,2821247.89,2.19,Truck,Goulds
561136.72,2822475.54,2.88,Truck,Goulds
561131.54,2822892.06,1.69,Truck,Goulds
561174.86,2822137.42,1.88,Truck,Goulds
561191.83,2821781.56,2.07,Truck,Goulds
561187.87,2820987.55,1.83,Truck,Goulds
561226.75,2833301.53,3.54,Truck,Goulds
561283.67,2832875.14,2.83,Truck,Goulds
561299.45,2832445.79,2.72,Truck,Goulds
561317.77,2832059.19,2.94,Truck,Goulds
561316.46,2827018.87,3.08,Truck,Goulds
561337.11,2831646.39,2.83,Truck,Goulds
561360.12,2830835.53,2.99,Truck,Goulds
561360.51,2830434.79,3.16,Truck,Goulds
561365.36,2829783.11,2.18,Truck,Goulds
561363.17,2830190.64,2.69,Truck,Goulds
561371.48,2829415.19,2.35,Truck,Goulds
561378.03,2829003.45,1.51,Truck,Goulds
561386.08,2828594.09,1.67,Truck,Goulds
561393.54,2828188.60,1.82,Truck,Goulds
561403.17,2827785.15,2.46,Truck,Goulds
561412.50,2827382.19,2.51,Truck,Goulds
561431.02,2826565.30,2.57,Truck,Goulds
561431.11,2826158.16,2.98,Truck,Goulds
561439.86,2825754.17,2.49,Truck,Goulds
561449.94,2825347.55,3.04,Truck,Goulds
561456.10,2824941.42,2.53,Truck,Goulds
561477.88,2822898.40,1.14,Truck,Goulds
561464.14,2824535.68,2.09,Truck,Goulds
561515.73,2821682.54,2.13,Truck,Goulds
561510.64,2822482.24,1.80,Truck,Goulds
561517.40,2820933.62,2.03,Truck,Goulds
561511.92,2822167.58,1.93,Truck,Goulds
561513.38,2820537.88,2.00,Truck,Goulds
561677.34,2832894.82,2.90,Truck,Goulds
561699.00,2832459.53,2.85,Truck,Goulds
561718.81,2832072.42,2.88,Truck,Goulds
561740.53,2831661.69,2.93,Truck,Goulds
561770.39,2830534.64,3.11,Truck,Goulds
561766.71,2830850.70,3.06,Truck,Goulds
561809.24,2827791.31,3.09,Truck,Goulds
561815.64,2827384.66,3.78,Truck,Goulds
561830.78,2826977.13,3.54,Truck,Goulds
561825.39,2820607.63,1.85,Truck,Goulds
561838.83,2828595.74,2.05,Truck,Goulds
561840.63,2826576.36,2.77,Truck,Goulds
561831.48,2828980.66,2.17,Truck,Goulds
561879.38,2825360.50,1.84,Truck,Goulds
561869.54,2825771.32,1.64,Truck,Goulds
561844.65,2826163.56,2.94,Truck,Goulds
561861.38,2824550.34,1.72,Truck,Goulds
561867.50,2829413.79,2.26,Truck,Goulds
561859.97,2829785.67,2.44,Truck,Goulds
561944.25,2820879.69,1.55,Truck,Goulds
561958.88,2822485.05,1.54,Truck,Goulds
562072.16,2833180.51,2.36,Truck,Goulds
562075.67,2832473.15,2.56,Truck,Goulds
562098.89,2832086.52,2.95,Truck,Goulds
562084.69,2832911.22,2.51,Truck,Goulds
562142.73,2831677.10,2.87,Truck,Goulds
562160.13,2830159.71,2.45,Truck,Goulds
562173.29,2830867.55,3.66,Truck,Goulds
562165.80,2829786.16,2.37,Truck,Goulds
562195.05,2829416.50,2.30,Truck,Goulds
562178.23,2828982.58,2.44,Truck,Goulds
562118.54,2828194.33,2.31,Truck,Goulds
562227.89,2827393.13,4.08,Truck,Goulds
562225.40,2827798.22,2.43,Truck,Goulds
562237.19,2826985.72,3.16,Truck,Goulds
562239.56,2828618.83,2.20,Truck,Goulds
562248.00,2826581.66,2.09,Truck,Goulds
562261.02,2826171.81,1.90,Truck,Goulds
562265.77,2825778.94,1.69,Truck,Goulds
562270.16,2825368.42,2.21,Truck,Goulds
562275.76,2824970.73,1.81,Truck,Goulds
562280.30,2824563.26,2.09,Truck,Goulds
562299.44,2820842.21,3.60,Truck,Goulds
562322.35,2822489.31,1.52,Truck,Goulds
562336.00,2820554.21,1.55,Truck,Goulds
562502.33,2830644.61,2.56,Truck,Goulds
562608.58,2829059.52,2.19,Truck,Goulds
562576.35,2830178.64,2.60,Truck,Goulds
562585.15,2828563.83,2.09,Truck,Goulds
562601.36,2829423.66,2.21,Truck,Goulds
562597.28,2829785.21,2.23,Truck,Goulds
562621.78,2825409.46,1.52,Truck,Goulds
562626.10,2828105.11,3.46,Truck,Goulds
562647.98,2826185.31,1.92,Truck,Goulds
562650.05,2827806.39,3.30,Truck,Goulds
562654.71,2826992.67,1.92,Truck,Goulds
562642.28,2827398.34,2.63,Truck,Goulds
562698.99,2826636.51,1.75,Truck,Goulds
561503.78,2821274.76,1.96,Truck,Goulds
556162.48,2822398.76,4.30,Truck,Goulds
555722.74,2824435.87,3.30,Truck,Goulds
556935.86,2825276.86,3.34,Truck,Goulds
556523.09,2826084.61,3.55,Truck,Goulds
556917.37,2826090.55,3.36,Truck,Goulds
555962.72,2828972.16,2.92,Truck,Goulds
556889.12,2829352.42,3.42,Truck,Goulds
557291.35,2829788.01,3.68,Truck,Goulds
556833.27,2831044.92,3.87,Truck,Goulds
556444.57,2830564.23,3.15,Truck,Goulds
558911.70,2830760.30,2.20,Truck,Goulds
558562.85,2830499.36,2.72,Truck,Goulds
558568.24,2829804.16,3.41,Truck,Goulds
554049.75,2827678.33,3.13,Truck,Goulds
553636.12,2827259.95,2.88,Truck,Goulds
554377.60,2827272.65,2.89,Truck,Goulds
554472.85,2826753.42,3.03,Truck,Goulds
555202.75,2826772.28,3.18,Truck,Goulds
551211.98,2829568.42,2.29,Truck,Goulds
552387.78,2829632.38,2.53,Truck,Goulds
552382.32,2830049.90,2.60,Truck,Goulds
552377.36,2830463.68,2.74,Truck,Goulds
552372.03,2830837.54,2.77,Truck,Goulds
552351.21,2831359.64,2.80,Truck,Goulds
552295.67,2832897.26,2.84,Truck,Goulds
551955.17,2831355.77,2.75,Truck,Goulds
552002.31,2830046.40,2.55,Truck,Goulds
551386.09,2828008.77,2.53,Truck,Goulds
552107.73,2827208.64,2.38,Truck,Goulds
553270.76,2824004.23,2.12,Truck,Goulds
552456.61,2823172.02,2.77,Truck,Goulds
554433.69,2825441.64,2.12,Truck,Goulds
556697.44,2828600.52,1.65,Truck,Goulds
556363.22,2828931.54,2.01,Truck,Goulds
556345.39,2834226.53,1.81,Truck,Goulds
556366.66,2833544.74,2.51,Truck,Goulds
557264.78,2831072.16,3.96,Truck,Goulds
557316.15,2827723.91,3.19,Truck,Goulds
555691.88,2826724.63,3.73,Truck,Goulds
548338.12,2826812.90,2.28,Truck,Grossman Hammock
548333.03,2827259.92,2.16,Truck,Grossman Hammock
548330.68,2827570.31,2.22,Truck,Grossman Hammock
548345.22,2826363.74,2.29,Truck,Grossman Hammock
548354.30,2825581.31,2.39,Truck,Grossman Hammock
548349.97,2825964.16,2.26,Truck,Grossman Hammock
548363.16,2824738.95,2.44,Truck,Grossman Hammock
548370.63,2823972.58,2.34,Truck,Grossman Hammock
548359.17,2825142.52,2.34,Truck,Grossman Hammock
548381.14,2823145.99,2.22,Truck,Grossman Hammock
548389.49,2822302.59,3.26,Truck,Grossman Hammock
548397.68,2821417.66,2.34,Truck,Grossman Hammock
548376.84,2823505.60,2.30,Truck,Grossman Hammock
548366.15,2824331.02,2.39,Truck,Grossman Hammock
548385.68,2822708.14,2.47,Truck,Grossman Hammock
548394.00,2821888.42,2.60,Truck,Grossman Hammock
548401.37,2821073.57,2.72,Truck,Grossman Hammock
548733.77,2827572.96,2.20,Truck,Grossman Hammock
548888.49,2821081.49,2.68,Truck,Grossman Hammock
549121.80,2827575.80,2.29,Truck,Grossman Hammock
549228.14,2820684.69,2.99,Truck,Grossman Hammock
549216.28,2821084.45,2.60,Truck,Grossman Hammock
549555.32,2827177.40,2.38,Truck,Grossman Hammock
549549.53,2827580.40,2.35,Truck,Grossman Hammock
549681.40,2821090.78,2.68,Truck,Grossman Hammock
550092.07,2821096.36,2.63,Truck,Grossman Hammock
548099.02,2822290.38,2.11,Truck,Grossman Hammock
547564.77,2822308.90,2.04,Truck,Grossman Hammock
547295.63,2822306.13,2.00,Truck,Grossman Hammock
546762.90,2822299.52,2.09,Truck,Grossman Hammock
546322.46,2822294.09,1.73,Truck,Grossman Hammock
545986.32,2822290.19,1.74,Truck,Grossman Hammock
545597.31,2822252.11,1.89,Truck,Grossman Hammock
545126.22,2822244.00,2.43,Truck,Grossman Hammock
544746.63,2822286.69,2.31,Truck,Grossman Hammock
544383.15,2822248.24,1.53,Truck,Grossman Hammock
542976.19,2821038.32,1.23,Truck,Grossman Hammock
542990.14,2821434.57,1.31,Truck,Grossman Hammock
542979.54,2821845.15,1.31,Truck,Grossman Hammock
542992.00,2822250.34,1.22,Truck,Grossman Hammock
542989.08,2822659.55,1.35,Truck,Grossman Hammock
542984.57,2823871.20,1.31,Truck,Grossman Hammock
542987.00,2824276.91,1.15,Truck,Grossman Hammock
543100.35,2825103.76,1.38,Truck,Grossman Hammock
543098.07,2825496.15,1.48,Truck,Grossman Hammock
543115.25,2827178.38,1.39,Truck,Grossman Hammock
543122.14,2827530.82,1.84,Truck,Grossman Hammock
543305.35,2821845.94,1.37,Truck,Grossman Hammock
543306.36,2821437.80,1.38,Truck,Grossman Hammock
543375.13,2820646.17,1.35,Truck,Grossman Hammock
543392.71,2821039.32,1.58,Truck,Grossman Hammock
543395.82,2822252.44,1.42,Truck,Grossman Hammock
543399.56,2822662.44,1.16,Truck,Grossman Hammock
543393.87,2823874.89,1.08,Truck,Grossman Hammock
543392.10,2824283.58,1.39,Truck,Grossman Hammock
543481.98,2828790.07,1.91,Truck,Grossman Hammock
543480.25,2829159.27,1.73,Truck,Grossman Hammock
543519.40,2824769.36,1.87,Truck,Grossman Hammock
543516.26,2825101.29,1.83,Truck,Grossman Hammock
543511.81,2825511.87,1.80,Truck,Grossman Hammock
543508.58,2825900.54,1.86,Truck,Grossman Hammock
543505.14,2826321.45,1.94,Truck,Grossman Hammock
543492.71,2827534.51,1.83,Truck,Grossman Hammock
543487.83,2827965.26,1.79,Truck,Grossman Hammock
543484.97,2828366.48,1.79,Truck,Grossman Hammock
543770.99,2822257.50,1.36,Truck,Grossman Hammock
543769.62,2821441.31,1.29,Truck,Grossman Hammock
543764.35,2821844.97,1.44,Truck,Grossman Hammock
543774.40,2821040.21,1.35,Truck,Grossman Hammock
543784.73,2820659.09,1.26,Truck,Grossman Hammock
543764.83,2822660.22,1.49,Truck,Grossman Hammock
543761.36,2823073.20,1.33,Truck,Grossman Hammock
543756.79,2823475.10,1.52,Truck,Grossman Hammock
543796.22,2823849.78,1.27,Truck,Grossman Hammock
543778.51,2824301.74,1.62,Truck,Grossman Hammock
543880.98,2829162.81,1.76,Truck,Grossman Hammock
543892.87,2828351.07,1.70,Truck,Grossman Hammock
543908.68,2824765.06,1.48,Truck,Grossman Hammock
543909.81,2825109.64,1.42,Truck,Grossman Hammock
543925.74,2825547.64,1.40,Truck,Grossman Hammock
543983.27,2825911.02,1.43,Truck,Grossman Hammock
543983.91,2826321.27,1.67,Truck,Grossman Hammock
543991.86,2827539.41,1.89,Truck,Grossman Hammock
543993.69,2827961.18,1.53,Truck,Grossman Hammock
544281.60,2829169.21,1.66,Truck,Grossman Hammock
544274.84,2828356.25,1.81,Truck,Grossman Hammock
544293.09,2827131.46,1.73,Truck,Grossman Hammock
544279.95,2827542.49,1.71,Truck,Grossman Hammock
544276.82,2827958.71,1.65,Truck,Grossman Hammock
544299.09,2824723.87,1.55,Truck,Grossman Hammock
544293.33,2825131.88,1.66,Truck,Grossman Hammock
544291.96,2826329.86,1.67,Truck,Grossman Hammock
544304.27,2824295.19,1.66,Truck,Grossman Hammock
544333.09,2822668.20,1.40,Truck,Grossman Hammock
544318.77,2823070.09,1.62,Truck,Grossman Hammock
544313.81,2823499.38,1.38,Truck,Grossman Hammock
544302.07,2823886.50,1.65,Truck,Grossman Hammock
544340.65,2821848.84,1.44,Truck,Grossman Hammock
544347.60,2821484.67,1.38,Truck,Grossman Hammock
544365.79,2821034.78,1.59,Truck,Grossman Hammock
544360.42,2820672.98,1.49,Truck,Grossman Hammock
544685.38,2828759.24,1.72,Truck,Grossman Hammock
544686.27,2829166.59,1.58,Truck,Grossman Hammock
544713.35,2828392.63,1.73,Truck,Grossman Hammock
544701.90,2824720.00,1.57,Truck,Grossman Hammock
544698.85,2825128.35,1.46,Truck,Grossman Hammock
544726.82,2827132.89,1.76,Truck,Grossman Hammock
544726.06,2827540.15,1.61,Truck,Grossman Hammock
544749.83,2821489.63,1.45,Truck,Grossman Hammock
544741.08,2821850.00,1.46,Truck,Grossman Hammock
544755.62,2822667.32,1.62,Truck,Grossman Hammock
544725.97,2823076.98,1.69,Truck,Grossman Hammock
544754.49,2823487.07,1.75,Truck,Grossman Hammock
544760.06,2821043.47,1.58,Truck,Grossman Hammock
544713.93,2824300.55,1.58,Truck,Grossman Hammock
544742.82,2823890.19,1.70,Truck,Grossman Hammock
545261.20,2832845.52,1.78,Truck,Grossman Hammock
545247.76,2833177.37,1.65,Truck,Grossman Hammock
545231.86,2833587.49,1.62,Truck,Grossman Hammock
545072.99,2828791.50,1.69,Truck,Grossman Hammock
545071.59,2829167.38,1.79,Truck,Grossman Hammock
545071.07,2828393.88,1.70,Truck,Grossman Hammock
545084.14,2827542.58,1.76,Truck,Grossman Hammock
545076.10,2827965.78,1.66,Truck,Grossman Hammock
545108.15,2829555.90,1.66,Truck,Grossman Hammock
545116.83,2823893.20,1.66,Truck,Grossman Hammock
545112.99,2824717.92,1.48,Truck,Grossman Hammock
545107.88,2825127.19,1.70,Truck,Grossman Hammock
545123.08,2823484.45,1.62,Truck,Grossman Hammock
545113.21,2824304.39,1.56,Truck,Grossman Hammock
545139.41,2822671.25,1.56,Truck,Grossman Hammock
545092.73,2827134.81,1.72,Truck,Grossman Hammock
545158.73,2821046.85,1.59,Truck,Grossman Hammock
545142.55,2821849.27,1.65,Truck,Grossman Hammock
545127.83,2823076.68,1.62,Truck,Grossman Hammock
545150.50,2821455.26,1.73,Truck,Grossman Hammock
545539.97,2832811.79,1.76,Truck,Grossman Hammock
545643.99,2833257.14,1.73,Truck,Grossman Hammock
545637.44,2833579.78,1.63,Truck,Grossman Hammock
545570.22,2834017.29,1.78,Truck,Grossman Hammock
545466.87,2828790.47,1.76,Truck,Grossman Hammock
545459.40,2829165.21,1.72,Truck,Grossman Hammock
545488.96,2829578.75,1.75,Truck,Grossman Hammock
545486.34,2828355.51,1.67,Truck,Grossman Hammock
545514.16,2824715.94,1.63,Truck,Grossman Hammock
545511.93,2825125.52,1.86,Truck,Grossman Hammock
545485.03,2827967.97,1.79,Truck,Grossman Hammock
545536.22,2827540.18,1.56,Truck,Grossman Hammock
545527.20,2824315.79,1.78,Truck,Grossman Hammock
545565.65,2821048.77,1.79,Truck,Grossman Hammock
545556.27,2821457.00,1.87,Truck,Grossman Hammock
545553.52,2821849.39,1.77,Truck,Grossman Hammock
545541.49,2822671.49,1.73,Truck,Grossman Hammock
545538.81,2823080.51,1.61,Truck,Grossman Hammock
545561.42,2823489.02,1.87,Truck,Grossman Hammock
545560.59,2823897.16,1.88,Truck,Grossman Hammock
545863.43,2832812.13,1.59,Truck,Grossman Hammock
545852.16,2833214.66,1.62,Truck,Grossman Hammock
545833.36,2833635.14,1.62,Truck,Grossman Hammock
545820.47,2834018.18,1.73,Truck,Grossman Hammock
545872.85,2829977.75,1.77,Truck,Grossman Hammock
545860.63,2828792.91,1.86,Truck,Grossman Hammock
545862.30,2829165.31,1.88,Truck,Grossman Hammock
545867.00,2829595.90,1.84,Truck,Grossman Hammock
545869.13,2828354.20,1.95,Truck,Grossman Hammock
545918.43,2825926.78,2.18,Truck,Grossman Hammock
545930.10,2825122.56,2.01,Truck,Grossman Hammock
545937.90,2824314.69,2.05,Truck,Grossman Hammock
545933.05,2824714.60,1.99,Truck,Grossman Hammock
545969.80,2821054.10,2.15,Truck,Grossman Hammock
545962.43,2821488.84,2.28,Truck,Grossman Hammock
545952.83,2821891.16,2.09,Truck,Grossman Hammock
545954.08,2822674.75,1.82,Truck,Grossman Hammock
545942.50,2823084.23,1.91,Truck,Grossman Hammock
545946.61,2823491.92,2.07,Truck,Grossman Hammock
545942.35,2823903.53,1.99,Truck,Grossman Hammock
546263.16,2832884.43,1.83,Truck,Grossman Hammock
546223.19,2834026.37,1.65,Truck,Grossman Hammock
546235.77,2833689.44,1.70,Truck,Grossman Hammock
546251.31,2833218.47,1.87,Truck,Grossman Hammock
546279.37,2832413.92,2.07,Truck,Grossman Hammock
546345.77,2829165.76,1.78,Truck,Grossman Hammock
546348.60,2829979.67,1.83,Truck,Grossman Hammock
546347.69,2823495.15,2.24,Truck,Grossman Hammock
546351.22,2823082.68,2.05,Truck,Grossman Hammock
546354.36,2822677.64,2.11,Truck,Grossman Hammock
546380.81,2824315.60,2.05,Truck,Grossman Hammock
546365.94,2821452.98,2.05,Truck,Grossman Hammock
546391.38,2821858.93,1.76,Truck,Grossman Hammock
546370.75,2825928.54,2.12,Truck,Grossman Hammock
546392.69,2824714.36,2.09,Truck,Grossman Hammock
546373.25,2821056.32,2.09,Truck,Grossman Hammock
546382.57,2820660.43,1.98,Truck,Grossman Hammock
546625.30,2834025.98,1.87,Truck,Grossman Hammock
546634.86,2833691.45,1.78,Truck,Grossman Hammock
546651.86,2833220.36,1.90,Truck,Grossman Hammock
546665.94,2832894.91,1.82,Truck,Grossman Hammock
546684.56,2832418.55,2.20,Truck,Grossman Hammock
546730.72,2825931.47,2.11,Truck,Grossman Hammock
546749.70,2829174.20,2.01,Truck,Grossman Hammock
546748.55,2829988.29,1.76,Truck,Grossman Hammock
546735.02,2830818.50,1.71,Truck,Grossman Hammock
546742.97,2831212.35,1.69,Truck,Grossman Hammock
546741.11,2832050.63,1.57,Truck,Grossman Hammock
546740.84,2825123.32,1.93,Truck,Grossman Hammock
546758.63,2823091.18,2.08,Truck,Grossman Hammock
546748.21,2823906.79,2.28,Truck,Grossman Hammock
546745.35,2824713.96,1.89,Truck,Grossman Hammock
546749.98,2824316.55,1.98,Truck,Grossman Hammock
546754.33,2823497.49,2.31,Truck,Grossman Hammock
546761.04,2822680.91,2.20,Truck,Grossman Hammock
546756.53,2821467.39,2.32,Truck,Grossman Hammock
546763.72,2821863.56,2.29,Truck,Grossman Hammock
546776.49,2820662.44,2.25,Truck,Grossman Hammock
546773.29,2821057.42,2.35,Truck,Grossman Hammock
546909.18,2831580.45,1.58,Truck,Grossman Hammock
547028.77,2834022.38,1.66,Truck,Grossman Hammock
547040.72,2833687.03,1.99,Truck,Grossman Hammock
547055.98,2833227.61,1.90,Truck,Grossman Hammock
547067.78,2832892.36,1.88,Truck,Grossman Hammock
547088.16,2832421.48,2.23,Truck,Grossman Hammock
547150.93,2829181.76,1.90,Truck,Grossman Hammock
547150.74,2829991.89,1.76,Truck,Grossman Hammock
547139.01,2830828.04,1.79,Truck,Grossman Hammock
547142.52,2831214.06,1.72,Truck,Grossman Hammock
547096.39,2832040.79,1.75,Truck,Grossman Hammock
547152.36,2827559.65,2.05,Truck,Grossman Hammock
547110.40,2831612.99,1.86,Truck,Grossman Hammock
547156.20,2823499.78,2.44,Truck,Grossman Hammock
547166.34,2822684.87,2.31,Truck,Grossman Hammock
547158.45,2823118.30,2.22,Truck,Grossman Hammock
547192.49,2825936.50,2.21,Truck,Grossman Hammock
547153.55,2824318.53,3.05,Truck,Grossman Hammock
547249.25,2821061.32,2.33,Truck,Grossman Hammock
547228.41,2821870.93,2.16,Truck,Grossman Hammock
547419.82,2834030.98,1.83,Truck,Grossman Hammock
547540.97,2833691.18,1.58,Truck,Grossman Hammock
547460.59,2833225.82,1.84,Truck,Grossman Hammock
547502.46,2832030.79,1.81,Truck,Grossman Hammock
547522.02,2831603.43,1.39,Truck,Grossman Hammock
547490.42,2832425.13,2.05,Truck,Grossman Hammock
547468.91,2832891.29,1.70,Truck,Grossman Hammock
547520.86,2831216.65,1.74,Truck,Grossman Hammock
547490.69,2829625.15,1.81,Truck,Grossman Hammock
547484.14,2830406.67,1.82,Truck,Grossman Hammock
547520.37,2830017.21,1.79,Truck,Grossman Hammock
547502.94,2828812.99,1.72,Truck,Grossman Hammock
547514.03,2827561.78,2.32,Truck,Grossman Hammock
547510.47,2827979.49,1.93,Truck,Grossman Hammock
547510.29,2828365.29,1.89,Truck,Grossman Hammock
547498.95,2829177.01,1.91,Truck,Grossman Hammock
547551.57,2830813.84,1.89,Truck,Grossman Hammock
547517.84,2827151.99,2.04,Truck,Grossman Hammock
547522.26,2826750.07,2.30,Truck,Grossman Hammock
547542.13,2824769.36,2.18,Truck,Grossman Hammock
547532.68,2825517.39,2.13,Truck,Grossman Hammock
547530.06,2825944.11,2.28,Truck,Grossman Hammock
547550.66,2824314.11,2.20,Truck,Grossman Hammock
547537.22,2825166.01,2.18,Truck,Grossman Hammock
547526.80,2826378.58,2.23,Truck,Grossman Hammock
547564.07,2823500.78,2.49,Truck,Grossman Hammock
547559.04,2823885.19,2.40,Truck,Grossman Hammock
547566.75,2823087.43,2.35,Truck,Grossman Hammock
547570.86,2822690.56,2.35,Truck,Grossman Hammock
547587.10,2820654.25,2.50,Truck,Grossman Hammock
547585.09,2821475.46,2.11,Truck,Grossman Hammock
547575.31,2821877.60,2.09,Truck,Grossman Hammock
547583.11,2821064.58,2.35,Truck,Grossman Hammock
547731.04,2834032.53,1.69,Truck,Grossman Hammock
547746.52,2833687.92,1.64,Truck,Grossman Hammock
547761.36,2833230.05,1.81,Truck,Grossman Hammock
547943.11,2832430.19,2.18,Truck,Grossman Hammock
547956.00,2829181.24,1.83,Truck,Grossman Hammock
547955.11,2830021.50,1.88,Truck,Grossman Hammock
547954.35,2830411.97,2.10,Truck,Grossman Hammock
547955.02,2830817.71,1.97,Truck,Grossman Hammock
547992.50,2831218.81,1.87,Truck,Grossman Hammock
547988.42,2831636.73,1.92,Truck,Grossman Hammock
547990.76,2832033.81,1.87,Truck,Grossman Hammock
547926.41,2827566.01,2.31,Truck,Grossman Hammock
547990.06,2828382.60,1.82,Truck,Grossman Hammock
548001.82,2825956.61,2.32,Truck,Grossman Hammock
548029.18,2822700.68,2.32,Truck,Grossman Hammock
548066.08,2821068.94,2.50,Truck,Grossman Hammock
548056.55,2821885.62,2.48,Truck,Grossman Hammock
548245.18,2833686.09,1.88,Truck,Grossman Hammock
548235.31,2834040.15,2.03,Truck,Grossman Hammock
548282.17,2831616.56,1.80,Truck,Grossman Hammock
548262.03,2833233.77,1.95,Truck,Grossman Hammock
548277.36,2832890.10,1.82,Truck,Grossman Hammock
548298.20,2830819.02,1.74,Truck,Grossman Hammock
548286.01,2831224.54,1.89,Truck,Grossman Hammock
548292.99,2832434.12,2.18,Truck,Grossman Hammock
548316.24,2829184.93,1.88,Truck,Grossman Hammock
548317.76,2828372.94,1.79,Truck,Grossman Hammock
548357.16,2830026.32,1.98,Truck,Grossman Hammock
548358.38,2830414.53,1.83,Truck,Grossman Hammock
548408.20,2820690.05,2.52,Truck,Grossman Hammock
548637.12,2834041.64,1.84,Truck,Grossman Hammock
548663.38,2833235.90,1.99,Truck,Grossman Hammock
548677.12,2832890.19,1.97,Truck,Grossman Hammock
548690.71,2831625.43,1.98,Truck,Grossman Hammock
548692.72,2832439.03,2.19,Truck,Grossman Hammock
548716.15,2831229.66,1.90,Truck,Grossman Hammock
548723.16,2830824.47,1.95,Truck,Grossman Hammock
548718.96,2828784.77,2.05,Truck,Grossman Hammock
548718.04,2829191.72,2.02,Truck,Grossman Hammock
548726.64,2827991.68,1.92,Truck,Grossman Hammock
548736.57,2826356.09,2.20,Truck,Grossman Hammock
548726.70,2828384.03,2.04,Truck,Grossman Hammock
548759.36,2830029.52,2.04,Truck,Grossman Hammock
548759.09,2830419.25,1.91,Truck,Grossman Hammock
548664.57,2832036.89,2.02,Truck,Grossman Hammock
548747.02,2825967.24,2.40,Truck,Grossman Hammock
548762.99,2825146.27,2.13,Truck,Grossman Hammock
548784.10,2824738.43,2.24,Truck,Grossman Hammock
548809.21,2824335.77,2.55,Truck,Grossman Hammock
548836.51,2822710.16,2.64,Truck,Grossman Hammock
548849.92,2821895.18,2.58,Truck,Grossman Hammock
549037.52,2834040.67,1.99,Truck,Grossman Hammock
549050.77,2833694.29,2.02,Truck,Grossman Hammock
549068.96,2833244.58,1.95,Truck,Grossman Hammock
549081.39,2832900.19,2.08,Truck,Grossman Hammock
549096.14,2832042.37,2.28,Truck,Grossman Hammock
549105.74,2831230.27,2.18,Truck,Grossman Hammock
549100.86,2831626.52,2.25,Truck,Grossman Hammock
549089.13,2832443.54,2.28,Truck,Grossman Hammock
549110.58,2830823.50,2.13,Truck,Grossman Hammock
549120.88,2830016.99,2.92,Truck,Grossman Hammock
549115.92,2830423.86,2.20,Truck,Grossman Hammock
549141.27,2828380.83,1.87,Truck,Grossman Hammock
549130.91,2829197.48,1.98,Truck,Grossman Hammock
549150.53,2826337.33,2.26,Truck,Grossman Hammock
549162.93,2825563.03,2.29,Truck,Grossman Hammock
549173.38,2824746.47,2.57,Truck,Grossman Hammock
549156.96,2825970.53,2.54,Truck,Grossman Hammock
549184.59,2823912.67,2.33,Truck,Grossman Hammock
549193.98,2823168.82,2.46,Truck,Grossman Hammock
549188.86,2823527.66,2.43,Truck,Grossman Hammock
549209.76,2821899.97,2.59,Truck,Grossman Hammock
549206.08,2822290.38,3.15,Truck,Grossman Hammock
549179.41,2824339.19,2.47,Truck,Grossman Hammock
549214.61,2821501.85,2.57,Truck,Grossman Hammock
549201.41,2822713.63,2.33,Truck,Grossman Hammock
549435.24,2834042.19,1.94,Truck,Grossman Hammock
549454.86,2833702.91,2.11,Truck,Grossman Hammock
549506.48,2833287.09,2.03,Truck,Grossman Hammock
549526.86,2831642.00,2.05,Truck,Grossman Hammock
549526.04,2830427.33,2.13,Truck,Grossman Hammock
549529.21,2830021.29,2.42,Truck,Grossman Hammock
549536.09,2830827.94,1.83,Truck,Grossman Hammock
549532.25,2829622.72,2.23,Truck,Grossman Hammock
549544.41,2828393.36,2.39,Truck,Grossman Hammock
549552.00,2832446.16,2.17,Truck,Grossman Hammock
549540.66,2828819.75,2.24,Truck,Grossman Hammock
549535.30,2829201.44,2.21,Truck,Grossman Hammock
549563.42,2832042.59,1.96,Truck,Grossman Hammock
549562.20,2826346.71,2.33,Truck,Grossman Hammock
549558.15,2826776.61,2.40,Truck,Grossman Hammock
549565.53,2825973.30,2.38,Truck,Grossman Hammock
549603.46,2825155.13,2.37,Truck,Grossman Hammock
549591.94,2824344.18,2.43,Truck,Grossman Hammock
549608.28,2822719.75,2.30,Truck,Grossman Hammock
549597.61,2823533.39,2.40,Truck,Grossman Hammock
549602.58,2823160.07,2.30,Truck,Grossman Hammock
549653.77,2821908.26,2.38,Truck,Grossman Hammock
549843.62,2834047.40,1.71,Truck,Grossman Hammock
549904.23,2833698.49,1.84,Truck,Grossman Hammock
549900.24,2832046.03,2.24,Truck,Grossman Hammock
549886.16,2832448.05,2.20,Truck,Grossman Hammock
549917.02,2831643.31,2.11,Truck,Grossman Hammock
549949.78,2830027.78,2.49,Truck,Grossman Hammock
549937.59,2830432.36,2.12,Truck,Grossman Hammock
549933.48,2830831.54,2.02,Truck,Grossman Hammock
549980.74,2829216.46,2.10,Truck,Grossman Hammock
549930.80,2829624.21,1.88,Truck,Grossman Hammock
549959.29,2827585.91,2.40,Truck,Grossman Hammock
549963.52,2828406.06,2.17,Truck,Grossman Hammock
549962.82,2826776.79,2.33,Truck,Grossman Hammock
549945.15,2828831.33,1.98,Truck,Grossman Hammock
550018.91,2822726.46,2.53,Truck,Grossman Hammock
549979.76,2825583.29,2.28,Truck,Grossman Hammock
549991.64,2824748.82,2.22,Truck,Grossman Hammock
549986.13,2825161.84,2.49,Truck,Grossman Hammock
549976.74,2825975.01,2.10,Truck,Grossman Hammock
549998.26,2824348.20,2.32,Truck,Grossman Hammock
550027.26,2823538.90,2.51,Truck,Grossman Hammock
550002.64,2823952.01,2.47,Truck,Grossman Hammock
550009.38,2823129.11,2.23,Truck,Grossman Hammock
550024.40,2821913.47,2.23,Truck,Grossman Hammock
549965.75,2826363.19,2.29,Truck,Grossman Hammock
548809.91,2823522.69,2.47,Truck,Grossman Hammock
548003.53,2823508.43,2.24,Truck,Grossman Hammock
548005.02,2824322.70,2.37,Truck,Grossman Hammock
547999.96,2825542.55,2.40,Truck,Grossman Hammock
548795.25,2827045.68,2.12,Truck,Grossman Hammock
549157.29,2827063.33,2.18,Truck,Grossman Hammock
549547.12,2827988.08,2.43,Truck,Grossman Hammock
548750.07,2825619.64,2.15,Truck,Grossman Hammock
549168.38,2825150.65,2.44,Truck,Grossman Hammock
549593.19,2823962.86,2.51,Truck,Grossman Hammock
545475.86,2827110.52,1.66,Truck,Grossman Hammock
548856.38,2822280.78,2.24,Truck,Grossman Hammock
549671.38,2822308.38,1.91,Truck,Grossman Hammock
550067.85,2822341.78,2.05,Truck,Grossman Hammock
546900.59,2828009.35,2.02,Truck,Grossman Hammock
546735.50,2827558.64,1.80,Truck,Grossman Hammock
546421.15,2827554.50,1.81,Truck,Grossman Hammock
545932.20,2827548.34,1.77,Truck,Grossman Hammock
545884.79,2827126.76,1.61,Truck,Grossman Hammock
545892.47,2826761.34,1.70,Truck,Grossman Hammock
545900.09,2826351.55,1.65,Truck,Grossman Hammock
545484.51,2826506.77,1.49,Truck,Grossman Hammock
545376.31,2826330.35,1.66,Truck,Grossman Hammock
545136.36,2825926.66,1.63,Truck,Grossman Hammock
544756.23,2825918.34,1.60,Truck,Grossman Hammock
544342.72,2825911.60,1.55,Truck,Grossman Hammock
544294.76,2825571.04,1.53,Truck,Grossman Hammock
544752.72,2825521.47,1.60,Truck,Grossman Hammock
545127.83,2825521.80,1.53,Truck,Grossman Hammock
545641.03,2825521.74,1.82,Truck,Grossman Hammock
545926.47,2825564.86,1.93,Truck,Grossman Hammock
545551.91,2825927.20,1.78,Truck,Grossman Hammock
546424.44,2825516.87,2.09,Truck,Grossman Hammock
546743.21,2825516.59,1.86,Truck,Grossman Hammock
547235.79,2825516.63,2.17,Truck,Grossman Hammock
546720.27,2826385.65,1.72,Truck,Grossman Hammock
546710.18,2826789.34,1.72,Truck,Grossman Hammock
546702.11,2827182.28,1.58,Truck,Grossman Hammock
547224.05,2827157.87,1.88,Truck,Grossman Hammock
548034.67,2827166.86,1.96,Truck,Grossman Hammock
548046.37,2826769.69,1.95,Truck,Grossman Hammock
548058.44,2824728.41,2.16,Truck,Grossman Hammock
565503.78,2820750.47,0.24,Truck,Perrine
565485.31,2821335.36,0.98,Truck,Perrine
565555.49,2822533.68,0.03,Truck,Perrine
567343.90,2827275.09,1.07,Truck,Perrine
567646.59,2828289.91,1.53,Truck,Perrine
565527.85,2825828.63,2.89,Truck,Perrine
565523.28,2826203.90,1.33,Truck,Perrine
565704.24,2828439.34,2.00,Truck,Perrine
566192.76,2828880.81,2.28,Truck,Perrine
566726.80,2829209.52,2.88,Truck,Perrine
567109.96,2829345.99,2.25,Truck,Perrine
567448.48,2829605.99,2.47,Truck,Perrine
567777.06,2830043.90,2.31,Truck,Perrine
568042.12,2830423.19,3.29,Truck,Perrine
568268.72,2830799.91,3.62,Truck,Perrine
568531.03,2831252.75,3.53,Truck,Perrine
568724.94,2831616.83,3.88,Truck,Perrine
568942.43,2832015.93,2.99,Truck,Perrine
569156.24,2832420.56,3.72,Truck,Perrine
569240.27,2832627.12,4.14,Truck,Perrine
569253.86,2832841.62,4.16,Truck,Perrine
569434.52,2833243.03,3.40,Truck,Perrine
569238.20,2833234.19,3.38,Truck,Perrine
569419.04,2833608.24,3.07,Truck,Perrine
569216.23,2833640.51,2.83,Truck,Perrine
569191.77,2834106.69,2.26,Truck,Perrine
568582.89,2834088.14,1.73,Truck,Perrine
568982.53,2834098.25,1.68,Truck,Perrine
569015.99,2833630.73,1.76,Truck,Perrine
568612.66,2833617.47,1.25,Truck,Perrine
568628.08,2833205.58,2.33,Truck,Perrine
569042.80,2833226.06,2.44,Truck,Perrine
568253.73,2833192.15,2.05,Truck,Perrine
568202.63,2833597.58,2.31,Truck,Perrine
568176.88,2834004.83,2.53,Truck,Perrine
567791.62,2833594.95,1.91,Truck,Perrine
567384.09,2833584.14,2.09,Truck,Perrine
566967.69,2833623.11,1.84,Truck,Perrine
567811.67,2833174.72,2.09,Truck,Perrine
567386.56,2833160.73,2.56,Truck,Perrine
566996.15,2833148.24,2.15,Truck,Perrine
566610.47,2833135.14,3.63,Truck,Perrine
566563.54,2833538.95,1.33,Truck,Perrine
566151.50,2833525.42,3.57,Truck,Perrine
565892.57,2833518.99,3.45,Truck,Perrine
566173.23,2833120.76,3.65,Truck,Perrine
565758.81,2833098.88,3.21,Truck,Perrine
565348.75,2833082.94,3.63,Truck,Perrine
565339.33,2833510.95,3.18,Truck,Perrine
565293.93,2833928.08,3.68,Truck,Perrine
565612.71,2834236.68,2.46,Truck,Perrine
565280.80,2834198.16,3.24,Truck,Perrine
564886.83,2834229.64,3.28,Truck,Perrine
564901.30,2833884.33,3.54,Truck,Perrine
564924.03,2833498.64,3.26,Truck,Perrine
564939.21,2833060.12,3.45,Truck,Perrine
564534.69,2833043.73,3.28,Truck,Perrine
564511.02,2833458.63,2.94,Truck,Perrine
564490.36,2833864.31,3.29,Truck,Perrine
564467.90,2834270.01,2.34,Truck,Perrine
564036.76,2834216.32,2.46,Truck,Perrine
564081.64,2833842.34,2.47,Truck,Perrine
564099.31,2833431.70,2.46,Truck,Perrine
564114.58,2833025.72,2.26,Truck,Perrine
563706.95,2833008.90,3.86,Truck,Perrine
563687.64,2833413.66,2.65,Truck,Perrine
563668.26,2833829.75,4.13,Truck,Perrine
563703.72,2834165.65,2.96,Truck,Perrine
563266.79,2834173.91,2.46,Truck,Perrine
563280.38,2833388.74,3.43,Truck,Perrine
563289.18,2832978.19,3.86,Truck,Perrine
562882.99,2832961.28,3.20,Truck,Perrine
562863.67,2833367.22,3.53,Truck,Perrine
562844.20,2833779.75,3.80,Truck,Perrine
562826.68,2834157.18,2.82,Truck,Perrine
562917.58,2832489.15,2.67,Truck,Perrine
562942.68,2832132.23,2.61,Truck,Perrine
562972.21,2831720.64,2.81,Truck,Perrine
563005.51,2831308.18,2.65,Truck,Perrine
563423.71,2831328.96,3.13,Truck,Perrine
563822.77,2831349.58,2.86,Truck,Perrine
564236.15,2831365.61,2.91,Truck,Perrine
564614.13,2831380.69,3.79,Truck,Perrine
565033.08,2831396.87,3.25,Truck,Perrine
565463.74,2831413.91,3.65,Truck,Perrine
565815.70,2831424.20,2.34,Truck,Perrine
566327.56,2831440.38,2.36,Truck,Perrine
566718.60,2831453.12,2.11,Truck,Perrine
567073.88,2831467.69,2.36,Truck,Perrine
567541.56,2831480.36,3.37,Truck,Perrine
565761.67,2833931.68,2.73,Truck,Perrine
564962.94,2832644.27,3.00,Truck,Perrine
564548.98,2832625.41,3.01,Truck,Perrine
564144.95,2832605.03,3.08,Truck,Perrine
563736.69,2832583.73,2.91,Truck,Perrine
563767.44,2832178.91,2.62,Truck,Perrine
564168.93,2832193.66,2.78,Truck,Perrine
564586.98,2832222.75,2.91,Truck,Perrine
564937.47,2832217.85,2.59,Truck,Perrine
564587.71,2831782.56,3.24,Truck,Perrine
564192.46,2831776.59,3.05,Truck,Perrine
563790.17,2831761.56,3.05,Truck,Perrine
563377.82,2831743.31,2.41,Truck,Perrine
563387.60,2832154.38,2.44,Truck,Perrine
563268.65,2832578.27,2.69,Truck,Perrine
565787.33,2832726.66,2.96,Truck,Perrine
565821.03,2832275.77,3.72,Truck,Perrine
565838.00,2831914.58,3.51,Truck,Perrine
565426.48,2831906.94,3.92,Truck,Perrine
566241.42,2831954.41,2.18,Truck,Perrine
566221.13,2832290.15,4.21,Truck,Perrine
566204.73,2832672.12,3.57,Truck,Perrine
566650.81,2832743.57,3.03,Truck,Perrine
567017.21,2832748.42,1.74,Truck,Perrine
567035.89,2832315.84,2.62,Truck,Perrine
566669.27,2832319.49,1.67,Truck,Perrine
566643.19,2831979.82,1.41,Truck,Perrine
567055.66,2831924.97,1.59,Truck,Perrine
567459.54,2831941.31,1.31,Truck,Perrine
567443.87,2832341.01,2.00,Truck,Perrine
567423.34,2832749.30,2.07,Truck,Perrine
568189.44,2832835.99,1.56,Truck,Perrine
568649.38,2832848.08,1.53,Truck,Perrine
569087.83,2832806.92,2.18,Truck,Perrine
568667.29,2832396.95,2.88,Truck,Perrine
568256.50,2832379.58,1.44,Truck,Perrine
567851.89,2832352.55,1.51,Truck,Perrine
567872.19,2831927.02,1.55,Truck,Perrine
567897.08,2831491.73,3.62,Truck,Perrine
568349.01,2831505.74,3.42,Truck,Perrine
568289.10,2831942.62,2.59,Truck,Perrine
568689.93,2831952.91,3.34,Truck,Perrine
567468.43,2829146.48,1.27,Truck,Perrine
567638.03,2828804.00,1.31,Truck,Perrine
568226.70,2828816.95,1.31,Truck,Perrine
567885.11,2828604.18,2.02,Truck,Perrine
567929.90,2829184.17,1.27,Truck,Perrine
568322.74,2829254.16,2.06,Truck,Perrine
568348.09,2829538.44,1.70,Truck,Perrine
567980.14,2829517.69,1.28,Truck,Perrine
568264.67,2829905.90,1.52,Truck,Perrine
567909.85,2830374.07,2.61,Truck,Perrine
567901.53,2830724.77,1.98,Truck,Perrine
567899.09,2831215.43,3.05,Truck,Perrine
568257.96,2831146.41,2.28,Truck,Perrine
567529.37,2831196.87,2.99,Truck,Perrine
567529.95,2830718.25,3.79,Truck,Perrine
567079.73,2830782.57,2.36,Truck,Perrine
567075.34,2831164.57,2.94,Truck,Perrine
567087.96,2830382.63,2.51,Truck,Perrine
567496.92,2830407.28,1.90,Truck,Perrine
567552.38,2830014.62,2.45,Truck,Perrine
567093.75,2830004.47,1.62,Truck,Perrine
567099.93,2829598.34,2.27,Truck,Perrine
566697.73,2829574.67,2.38,Truck,Perrine
566691.03,2829943.41,3.12,Truck,Perrine
566294.44,2830020.47,1.96,Truck,Perrine
566690.27,2830400.55,2.45,Truck,Perrine
566314.94,2830747.57,1.56,Truck,Perrine
566362.87,2830396.74,2.23,Truck,Perrine
565916.98,2830369.47,2.05,Truck,Perrine
565917.47,2829986.92,2.22,Truck,Perrine
565476.87,2829971.11,1.97,Truck,Perrine
565506.98,2829570.46,2.23,Truck,Perrine
565895.95,2829552.94,2.06,Truck,Perrine
566330.24,2829592.31,2.19,Truck,Perrine
566332.52,2829209.03,1.91,Truck,Perrine
565993.49,2829208.91,2.53,Truck,Perrine
565844.28,2828850.95,3.97,Truck,Perrine
565476.72,2828858.72,2.16,Truck,Perrine
565550.06,2829191.45,1.90,Truck,Perrine
565096.52,2829624.54,2.08,Truck,Perrine
565071.32,2829204.19,2.10,Truck,Perrine
565269.62,2828826.85,2.47,Truck,Perrine
565483.58,2828377.33,1.70,Truck,Perrine
565166.66,2828331.84,1.94,Truck,Perrine
564759.34,2828433.55,1.93,Truck,Perrine
564754.80,2829612.20,1.69,Truck,Perrine
563998.91,2829615.46,1.73,Truck,Perrine
564366.38,2829545.02,1.68,Truck,Perrine
564245.14,2829151.35,1.73,Truck,Perrine
563970.61,2829202.02,2.05,Truck,Perrine
562843.35,2828805.58,2.11,Truck,Perrine
563043.23,2828343.05,2.15,Truck,Perrine
563561.67,2828403.63,1.81,Truck,Perrine
564716.66,2824873.78,0.79,Truck,Perrine
564716.17,2825217.29,0.77,Truck,Perrine
564724.94,2825401.91,0.97,Truck,Perrine
564302.76,2825394.08,1.01,Truck,Perrine
565108.56,2825401.15,0.68,Truck,Perrine
565534.68,2825401.11,0.94,Truck,Perrine
565554.72,2825023.96,0.84,Truck,Perrine
565963.29,2826216.60,1.13,Truck,Perrine
566356.59,2826222.15,1.01,Truck,Perrine
566784.75,2826229.62,0.99,Truck,Perrine
566518.24,2834303.41,4.53,Truck,Perrine
566160.83,2834135.49,3.60,Truck,Perrine
566536.64,2833944.41,3.99,Truck,Perrine
566940.36,2833959.59,3.93,Truck,Perrine
567354.51,2833974.76,4.54,Truck,Perrine
567768.41,2833989.66,4.12,Truck,Perrine
566122.25,2827692.34,3.94,Truck,Perrine
566531.22,2827552.82,3.34,Truck,Perrine
565714.90,2827849.02,1.86,Truck,Perrine
565618.10,2827528.90,3.52,Truck,Perrine
565020.56,2827198.92,3.47,Truck,Perrine
564744.87,2827218.60,3.85,Truck,Perrine
565116.21,2827651.02,3.49,Truck,Perrine
565524.41,2828005.42,3.59,Truck,Perrine
565771.36,2828193.84,3.40,Truck,Perrine
565090.64,2827969.83,3.63,Truck,Perrine
564718.27,2828011.66,3.82,Truck,Perrine
564685.30,2827629.67,3.80,Truck,Perrine
564375.06,2827200.17,3.58,Truck,Perrine
564359.58,2827605.35,3.32,Truck,Perrine
564319.82,2828022.02,3.88,Truck,Perrine
564310.10,2828759.69,3.69,Truck,Perrine
564308.06,2828445.40,3.66,Truck,Perrine
564726.22,2829109.94,3.74,Truck,Perrine
564816.17,2828783.92,3.71,Truck,Perrine
562835.58,2829147.94,2.30,Truck,Perrine
562871.02,2830398.50,2.15,Truck,Perrine
563023.06,2829846.85,2.12,Truck,Perrine
563052.07,2828019.95,2.76,Truck,Perrine
563058.44,2827606.45,2.19,Truck,Perrine
563063.65,2827201.05,2.07,Truck,Perrine
563083.82,2825204.34,1.78,Truck,Perrine
563081.38,2825605.57,1.86,Truck,Perrine
563079.28,2826014.26,1.92,Truck,Perrine
563074.71,2826411.40,2.05,Truck,Perrine
563069.13,2826813.66,2.11,Truck,Perrine
563099.05,2823256.66,1.64,Truck,Perrine
563094.70,2823659.13,1.66,Truck,Perrine
563086.83,2824463.56,1.80,Truck,Perrine
563087.96,2828808.63,1.73,Truck,Perrine
563085.46,2824866.92,1.71,Truck,Perrine
563117.49,2822104.88,1.57,Truck,Perrine
563110.02,2822509.36,1.35,Truck,Perrine
563102.86,2822904.89,1.59,Truck,Perrine
563125.44,2821690.09,0.98,Truck,Perrine
563133.42,2821289.14,1.00,Truck,Perrine
563163.92,2829159.12,2.21,Truck,Perrine
563160.02,2829607.33,2.30,Truck,Perrine
563457.10,2823658.65,0.73,Truck,Perrine
563464.75,2827575.64,2.02,Truck,Perrine
563471.09,2827177.80,1.99,Truck,Perrine
563462.43,2823344.90,0.62,Truck,Perrine
563504.88,2822524.14,1.37,Truck,Perrine
563516.61,2822119.32,0.56,Truck,Perrine
563506.43,2821308.12,1.10,Truck,Perrine
563523.74,2821700.36,0.75,Truck,Perrine
563455.00,2828016.72,1.74,Truck,Perrine
563585.68,2829146.08,2.38,Truck,Perrine
563610.00,2830402.86,2.11,Truck,Perrine
563670.08,2828804.12,2.04,Truck,Perrine
563818.32,2831009.39,2.47,Truck,Perrine
563862.65,2827618.36,1.66,Truck,Perrine
563873.26,2827173.81,1.79,Truck,Perrine
563908.48,2823661.48,0.95,Truck,Perrine
563912.20,2823269.24,0.95,Truck,Perrine
563905.13,2824067.64,1.12,Truck,Perrine
563903.42,2824464.54,1.11,Truck,Perrine
563921.40,2821708.74,1.36,Truck,Perrine
563914.42,2822940.48,0.88,Truck,Perrine
563917.83,2822146.89,1.40,Truck,Perrine
563915.97,2822539.10,1.26,Truck,Perrine
563962.38,2830417.12,1.81,Truck,Perrine
563925.12,2821329.42,1.31,Truck,Perrine
563938.92,2820893.34,1.33,Truck,Perrine
564232.49,2830996.47,3.67,Truck,Perrine
564236.30,2830691.81,2.61,Truck,Perrine
564298.06,2821329.24,0.73,Truck,Perrine
564305.90,2823265.04,0.51,Truck,Perrine
564308.58,2823774.43,0.73,Truck,Perrine
564343.95,2830008.10,1.49,Truck,Perrine
564530.00,2824059.17,0.58,Truck,Perrine
564739.39,2823773.03,0.75,Truck,Perrine
564705.57,2821331.50,0.61,Truck,Perrine
564692.95,2830699.03,1.92,Truck,Perrine
564761.20,2830420.84,1.37,Truck,Perrine
564748.98,2829979.42,2.68,Truck,Perrine
565046.28,2831112.68,2.45,Truck,Perrine
565073.03,2823774.77,0.53,Truck,Perrine
565101.73,2821333.54,0.95,Truck,Perrine
565110.93,2830003.86,1.75,Truck,Perrine
565109.14,2830405.21,1.43,Truck,Perrine
565110.78,2830765.24,1.71,Truck,Perrine
565136.74,2824464.81,0.56,Truck,Perrine
565148.26,2824067.88,0.45,Truck,Perrine
565463.04,2831114.08,1.97,Truck,Perrine
565468.40,2830414.35,1.71,Truck,Perrine
565463.68,2830762.86,1.91,Truck,Perrine
565833.92,2831124.29,1.74,Truck,Perrine
565860.70,2830765.21,1.66,Truck,Perrine
566251.44,2831107.05,1.35,Truck,Perrine
566690.97,2830754.54,2.41,Truck,Perrine
566696.61,2831182.95,1.27,Truck,Perrine
549247.76,2819888.27,2.89,Truck,Royal Palm Ranger Station
548834.62,2819876.20,2.55,Truck,Royal Palm Ranger Station
548422.46,2819867.98,2.60,Truck,Royal Palm Ranger Station
548134.58,2819861.70,2.48,Truck,Royal Palm Ranger Station
547601.67,2819863.35,3.01,Truck,Royal Palm Ranger Station
549279.36,2817419.28,2.28,Truck,Royal Palm Ranger Station
550088.08,2817456.06,1.78,Truck,Royal Palm Ranger Station
549669.61,2818259.88,2.49,Truck,Royal Palm Ranger Station
549669.49,2818664.94,2.87,Truck,Royal Palm Ranger Station
550071.08,2818670.28,2.77,Truck,Royal Palm Ranger Station
550083.42,2818267.65,2.41,Truck,Royal Palm Ranger Station
550067.79,2819067.02,2.47,Truck,Royal Palm Ranger Station
549665.38,2819063.85,2.82,Truck,Royal Palm Ranger Station
550061.69,2819886.23,2.38,Truck,Royal Palm Ranger Station
547268.57,2819852.65,2.05,Truck,Royal Palm Ranger Station
546481.39,2819445.36,2.26,Truck,Royal Palm Ranger Station
546385.86,2819838.45,2.02,Truck,Royal Palm Ranger Station
546413.62,2818632.89,2.18,Truck,Royal Palm Ranger Station
546798.45,2818632.13,2.08,Truck,Royal Palm Ranger Station
546792.03,2819044.69,2.12,Truck,Royal Palm Ranger Station
547201.99,2819027.62,1.60,Truck,Royal Palm Ranger Station
547815.07,2819035.15,2.05,Truck,Royal Palm Ranger Station
547609.62,2818636.55,1.68,Truck,Royal Palm Ranger Station
547194.22,2818633.44,1.58,Truck,Royal Palm Ranger Station
548021.99,2818644.13,1.90,Truck,Royal Palm Ranger Station
548447.41,2818652.79,2.94,Truck,Royal Palm Ranger Station
548437.84,2819050.14,2.77,Truck,Royal Palm Ranger Station
548886.21,2818656.81,3.76,Truck,Royal Palm Ranger Station
548443.02,2818238.00,1.54,Truck,Royal Palm Ranger Station
548861.22,2818265.55,3.27,Truck,Royal Palm Ranger Station
548495.77,2817033.17,2.02,Truck,Royal Palm Ranger Station
548049.54,2817435.61,2.26,Truck,Royal Palm Ranger Station
547621.01,2817843.21,1.39,Truck,Royal Palm Ranger Station
547610.14,2818261.98,1.28,Truck,Royal Palm Ranger Station
547180.73,2817836.41,1.76,Truck,Royal Palm Ranger Station
546483.40,2817823.61,1.97,Truck,Royal Palm Ranger Station
547387.16,2817436.22,1.56,Truck,Royal Palm Ranger Station
547626.68,2817441.49,1.60,Truck,Royal Palm Ranger Station
547644.35,2816224.32,2.10,Truck,Royal Palm Ranger Station
548060.51,2816219.72,1.68,Truck,Royal Palm Ranger Station
548059.05,2816624.05,1.77,Truck,Royal Palm Ranger Station
548904.91,2816627.01,2.26,Truck,Royal Palm Ranger Station
549286.21,2816626.28,2.41,Truck,Royal Palm Ranger Station
549286.03,2816225.48,1.75,Truck,Royal Palm Ranger Station
548905.13,2816224.44,2.12,Truck,Royal Palm Ranger Station
548494.97,2815817.13,1.85,Truck,Royal Palm Ranger Station
549298.55,2815830.87,1.87,Truck,Royal Palm Ranger Station
549298.95,2815419.71,1.66,Truck,Royal Palm Ranger Station
548889.83,2815412.82,1.73,Truck,Royal Palm Ranger Station
548908.51,2815016.17,1.97,Truck,Royal Palm Ranger Station
549293.55,2815022.60,1.80,Truck,Royal Palm Ranger Station
549704.13,2815027.41,1.92,Truck,Royal Palm Ranger Station
549700.45,2815425.96,2.03,Truck,Royal Palm Ranger Station
550100.18,2816647.70,2.44,Truck,Royal Palm Ranger Station
549695.81,2816646.75,2.26,Truck,Royal Palm Ranger Station
549696.42,2816259.09,2.18,Truck,Royal Palm Ranger Station
550111.12,2815844.88,2.22,Truck,Royal Palm Ranger Station
548505.18,2814600.69,2.58,Truck,Royal Palm Ranger Station
547659.19,2814997.68,2.33,Truck,Royal Palm Ranger Station
547655.14,2815402.80,2.79,Truck,Royal Palm Ranger Station
547651.73,2815812.89,1.91,Truck,Royal Palm Ranger Station
548070.75,2815414.87,2.31,Truck,Royal Palm Ranger Station
548065.63,2815003.50,2.43,Truck,Royal Palm Ranger Station
548177.12,2815805.49,2.01,Truck,Royal Palm Ranger Station
545991.68,2819036.40,2.12,Truck,Royal Palm Ranger Station
546015.14,2817454.05,2.09,Truck,Royal Palm Ranger Station
546819.84,2817445.85,1.51,Truck,Royal Palm Ranger Station
546836.79,2816608.03,2.26,Truck,Royal Palm Ranger Station
547241.67,2816600.65,2.13,Truck,Royal Palm Ranger Station
547243.40,2816220.85,2.09,Truck,Royal Palm Ranger Station
546848.12,2816206.71,2.28,Truck,Royal Palm Ranger Station
546509.72,2816203.60,2.23,Truck,Royal Palm Ranger Station
546029.58,2816598.28,2.06,Truck,Royal Palm Ranger Station
546852.54,2815834.13,2.00,Truck,Royal Palm Ranger Station
546850.19,2815398.26,2.23,Truck,Royal Palm Ranger Station
546856.99,2815000.20,1.87,Truck,Royal Palm Ranger Station
546643.70,2814998.44,2.15,Truck,Royal Palm Ranger Station
547240.90,2815390.37,2.55,Truck,Royal Palm Ranger Station
547253.06,2814990.45,2.24,Truck,Royal Palm Ranger Station
547258.64,2815821.51,2.29,Truck,Royal Palm Ranger Station
546437.85,2815817.31,2.20,Truck,Royal Palm Ranger Station
546443.03,2815401.40,1.89,Truck,Royal Palm Ranger Station
545662.64,2814580.58,1.53,Truck,Royal Palm Ranger Station
545274.33,2814581.55,1.21,Truck,Royal Palm Ranger Station
544855.37,2814577.38,1.31,Truck,Royal Palm Ranger Station
544436.05,2814570.43,1.03,Truck,Royal Palm Ranger Station
544422.92,2815009.53,0.92,Truck,Royal Palm Ranger Station
544767.10,2815174.55,1.37,Truck,Royal Palm Ranger Station
545401.76,2815182.84,1.43,Truck,Royal Palm Ranger Station
545660.81,2815394.21,1.75,Truck,Royal Palm Ranger Station
545303.25,2815389.61,1.66,Truck,Royal Palm Ranger Station
544848.00,2815383.57,1.31,Truck,Royal Palm Ranger Station
544417.28,2815373.67,1.15,Truck,Royal Palm Ranger Station
544417.01,2815772.82,1.35,Truck,Royal Palm Ranger Station
544412.89,2816177.13,1.41,Truck,Royal Palm Ranger Station
544408.84,2816612.38,1.64,Truck,Royal Palm Ranger Station
544400.40,2816987.01,1.59,Truck,Royal Palm Ranger Station
544834.44,2816990.27,1.68,Truck,Royal Palm Ranger Station
545266.23,2816995.85,1.79,Truck,Royal Palm Ranger Station
545652.52,2816999.75,1.59,Truck,Royal Palm Ranger Station
545626.50,2816608.67,1.46,Truck,Royal Palm Ranger Station
545630.13,2816189.19,1.58,Truck,Royal Palm Ranger Station
545268.54,2816185.38,1.64,Truck,Royal Palm Ranger Station
544849.89,2816179.26,1.56,Truck,Royal Palm Ranger Station
544841.81,2815777.12,1.48,Truck,Royal Palm Ranger Station
545274.85,2815792.75,1.63,Truck,Royal Palm Ranger Station
545660.14,2815795.98,1.83,Truck,Royal Palm Ranger Station
545661.08,2817409.78,1.65,Truck,Royal Palm Ranger Station
545226.01,2817404.29,1.66,Truck,Royal Palm Ranger Station
544825.18,2817347.71,1.63,Truck,Royal Palm Ranger Station
544406.16,2817397.80,1.71,Truck,Royal Palm Ranger Station
544394.34,2817799.36,1.64,Truck,Royal Palm Ranger Station
544852.17,2817800.76,1.92,Truck,Royal Palm Ranger Station
545251.11,2817805.61,1.64,Truck,Royal Palm Ranger Station
545640.42,2817824.50,1.74,Truck,Royal Palm Ranger Station
545607.82,2818633.28,1.64,Truck,Royal Palm Ranger Station
545194.65,2818623.63,1.73,Truck,Royal Palm Ranger Station
544807.35,2818618.42,1.30,Truck,Royal Palm Ranger Station
544413.69,2818617.32,1.50,Truck,Royal Palm Ranger Station
544390.68,2818996.09,1.67,Truck,Royal Palm Ranger Station
544383.92,2819381.44,1.39,Truck,Royal Palm Ranger Station
544780.63,2819026.16,1.59,Truck,Royal Palm Ranger Station
545177.22,2819026.95,1.59,Truck,Royal Palm Ranger Station
545586.74,2819034.39,1.63,Truck,Royal Palm Ranger Station
545585.09,2819410.99,1.99,Truck,Royal Palm Ranger Station
545187.40,2819436.62,1.76,Truck,Royal Palm Ranger Station
544785.11,2819426.50,1.61,Truck,Royal Palm Ranger Station
545686.62,2814182.31,1.38,Truck,Royal Palm Ranger Station
545644.08,2813770.45,1.38,Truck,Royal Palm Ranger Station
545253.40,2813778.31,1.30,Truck,Royal Palm Ranger Station
545269.76,2814211.34,1.30,Truck,Royal Palm Ranger Station
544910.95,2813773.71,1.03,Truck,Royal Palm Ranger Station
544428.89,2813830.53,1.69,Truck,Royal Palm Ranger Station
544426.24,2814215.76,0.48,Truck,Royal Palm Ranger Station
544973.05,2814205.56,1.01,Truck,Royal Palm Ranger Station
544433.64,2813358.93,1.03,Truck,Royal Palm Ranger Station
544438.49,2812965.04,1.08,Truck,Royal Palm Ranger Station
544861.25,2812958.58,0.47,Truck,Royal Palm Ranger Station
545256.38,2812961.97,1.28,Truck,Royal Palm Ranger Station
545228.87,2813338.48,0.99,Truck,Royal Palm Ranger Station
544907.35,2813569.59,0.87,Truck,Royal Palm Ranger Station
545663.22,2813351.58,1.51,Truck,Royal Palm Ranger Station
545693.72,2812969.65,1.58,Truck,Royal Palm Ranger Station
546089.30,2813366.94,1.45,Truck,Royal Palm Ranger Station
546451.13,2813372.85,1.52,Truck,Royal Palm Ranger Station
546871.37,2813375.47,1.61,Truck,Royal Palm Ranger Station
547682.96,2813378.52,1.97,Truck,Royal Palm Ranger Station
548093.96,2813384.00,2.18,Truck,Royal Palm Ranger Station
550166.75,2809756.44,0.99,Truck,Royal Palm Ranger Station
547320.31,2810138.10,1.72,Truck,Royal Palm Ranger Station
543659.10,2810120.76,1.28,Truck,Royal Palm Ranger Station
547669.80,2814182.83,1.92,Truck,Royal Palm Ranger Station
547673.97,2813832.12,2.26,Truck,Royal Palm Ranger Station
547292.25,2813833.86,2.18,Truck,Royal Palm Ranger Station
547292.37,2813377.21,1.93,Truck,Royal Palm Ranger Station
547267.20,2814140.78,1.95,Truck,Royal Palm Ranger Station
546873.62,2813772.52,1.73,Truck,Royal Palm Ranger Station
546863.99,2814182.31,2.15,Truck,Royal Palm Ranger Station
546459.11,2814144.98,1.81,Truck,Royal Palm Ranger Station
546469.20,2813776.85,1.49,Truck,Royal Palm Ranger Station
548112.43,2813770.48,2.08,Truck,Royal Palm Ranger Station
549772.66,2814182.67,2.06,Truck,Royal Palm Ranger Station
549259.92,2813791.50,1.93,Truck,Royal Palm Ranger Station
548931.60,2813828.01,2.15,Truck,Royal Palm Ranger Station
549479.18,2814167.77,1.91,Truck,Royal Palm Ranger Station
548803.27,2814208.24,2.08,Truck,Royal Palm Ranger Station
548097.62,2812573.33,1.79,Truck,Royal Palm Ranger Station
547699.66,2812582.01,2.02,Truck,Royal Palm Ranger Station
547701.09,2812170.76,1.53,Truck,Royal Palm Ranger Station
548090.82,2812165.34,1.59,Truck,Royal Palm Ranger Station
547296.18,2812162.93,1.68,Truck,Royal Palm Ranger Station
546888.19,2812153.18,1.56,Truck,Royal Palm Ranger Station
546483.82,2812155.71,1.53,Truck,Royal Palm Ranger Station
546487.88,2811719.41,1.59,Truck,Royal Palm Ranger Station
546495.16,2811358.10,1.38,Truck,Royal Palm Ranger Station
546901.81,2811356.19,1.55,Truck,Royal Palm Ranger Station
547329.54,2811354.66,1.58,Truck,Royal Palm Ranger Station
547715.59,2811358.59,1.70,Truck,Royal Palm Ranger Station
547708.98,2811771.52,1.66,Truck,Royal Palm Ranger Station
547300.96,2811848.15,1.51,Truck,Royal Palm Ranger Station
546896.69,2811789.04,1.57,Truck,Royal Palm Ranger Station
546494.98,2812564.92,1.83,Truck,Royal Palm Ranger Station
546888.55,2812572.08,1.98,Truck,Royal Palm Ranger Station
547293.13,2812569.73,1.92,Truck,Royal Palm Ranger Station
543246.76,2816177.89,1.15,Truck,Royal Palm Ranger Station
543633.30,2816182.55,1.16,Truck,Royal Palm Ranger Station
543592.41,2816600.65,1.24,Truck,Royal Palm Ranger Station
543250.93,2816583.74,0.83,Truck,Royal Palm Ranger Station
543597.31,2816986.22,1.02,Truck,Royal Palm Ranger Station
543619.43,2817394.33,1.23,Truck,Royal Palm Ranger Station
543583.51,2817756.64,1.12,Truck,Royal Palm Ranger Station
542874.42,2815752.74,1.19,Truck,Royal Palm Ranger Station
542868.02,2815368.77,1.20,Truck,Royal Palm Ranger Station
544037.02,2809724.14,1.43,Truck,Royal Palm Ranger Station
543668.31,2809721.09,1.25,Truck,Royal Palm Ranger Station
543279.09,2809719.63,0.85,Truck,Royal Palm Ranger Station
543263.91,2810117.17,1.06,Truck,Royal Palm Ranger Station
544063.80,2810122.01,1.55,Truck,Royal Palm Ranger Station
544049.27,2810526.86,1.37,Truck,Royal Palm Ranger Station
543656.39,2810524.88,1.21,Truck,Royal Palm Ranger Station
543237.77,2810521.29,1.18,Truck,Royal Palm Ranger Station
543650.18,2811007.19,1.26,Truck,Royal Palm Ranger Station
543646.28,2811323.10,1.23,Truck,Royal Palm Ranger Station
543249.17,2811326.78,1.23,Truck,Royal Palm Ranger Station
543230.61,2811734.59,1.06,Truck,Royal Palm Ranger Station
543635.00,2811734.62,1.16,Truck,Royal Palm Ranger Station
544072.09,2811734.28,1.19,Truck,Royal Palm Ranger Station
544081.57,2811337.63,1.37,Truck,Royal Palm Ranger Station
543637.38,2812109.21,1.11,Truck,Royal Palm Ranger Station
543245.63,2812154.16,1.26,Truck,Royal Palm Ranger Station
542827.59,2812152.14,1.10,Truck,Royal Palm Ranger Station
542830.82,2811719.47,0.91,Truck,Royal Palm Ranger Station
542455.49,2812145.68,0.91,Truck,Royal Palm Ranger Station
542438.73,2811729.07,1.07,Truck,Royal Palm Ranger Station
542108.87,2812122.92,1.01,Truck,Royal Palm Ranger Station
542433.74,2812555.17,0.86,Truck,Royal Palm Ranger Station
542439.37,2812936.34,1.14,Truck,Royal Palm Ranger Station
542030.65,2812968.82,1.09,Truck,Royal Palm Ranger Station
541677.69,2812931.13,0.99,Truck,Royal Palm Ranger Station
542873.14,2812938.44,1.14,Truck,Royal Palm Ranger Station
542821.62,2812513.03,1.04,Truck,Royal Palm Ranger Station
543628.45,2812540.60,0.94,Truck,Royal Palm Ranger Station
543629.94,2812946.64,1.13,Truck,Royal Palm Ranger Station
543246.58,2812957.21,1.14,Truck,Royal Palm Ranger Station
543223.17,2812516.44,1.08,Truck,Royal Palm Ranger Station
544104.54,2812541.64,0.94,Truck,Royal Palm Ranger Station
544055.51,2812955.02,1.16,Truck,Royal Palm Ranger Station
544099.48,2813376.87,1.10,Truck,Royal Palm Ranger Station
543671.23,2813368.71,1.16,Truck,Royal Palm Ranger Station
550155.54,2810964.41,1.62,Truck,Royal Palm Ranger Station
550152.83,2810591.52,0.96,Truck,Royal Palm Ranger Station
550160.39,2810180.91,1.04,Truck,Royal Palm Ranger Station
550167.97,2809302.04,0.98,Truck,Royal Palm Ranger Station
550168.92,2808981.14,0.80,Truck,Royal Palm Ranger Station
549758.76,2809751.65,1.01,Truck,Royal Palm Ranger Station
549355.99,2809748.61,1.01,Truck,Royal Palm Ranger Station
549355.19,2809347.72,0.73,Truck,Royal Palm Ranger Station
549357.66,2808916.51,0.62,Truck,Royal Palm Ranger Station
548934.13,2809747.48,0.76,Truck,Royal Palm Ranger Station
548544.06,2809741.42,0.91,Truck,Royal Palm Ranger Station
548542.57,2809339.46,0.61,Truck,Royal Palm Ranger Station
548925.69,2810969.65,0.96,Truck,Royal Palm Ranger Station
549320.12,2810977.20,0.94,Truck,Royal Palm Ranger Station
549742.16,2810567.69,0.72,Truck,Royal Palm Ranger Station
549650.66,2810158.39,0.32,Truck,Royal Palm Ranger Station
549768.91,2810979.37,1.65,Truck,Royal Palm Ranger Station
547709.62,2809756.04,2.09,Truck,Royal Palm Ranger Station
547329.30,2809328.49,1.09,Truck,Royal Palm Ranger Station
547328.72,2808926.84,1.39,Truck,Royal Palm Ranger Station
547711.63,2809152.04,1.60,Truck,Royal Palm Ranger Station
546918.47,2809319.44,1.54,Truck,Royal Palm Ranger Station
546917.44,2808928.61,1.26,Truck,Royal Palm Ranger Station
546922.80,2808525.55,0.58,Truck,Royal Palm Ranger Station
546925.24,2808117.96,0.48,Truck,Royal Palm Ranger Station
546519.57,2808925.92,1.32,Truck,Royal Palm Ranger Station
546505.95,2809324.99,1.35,Truck,Royal Palm Ranger Station
546121.63,2808920.38,1.75,Truck,Royal Palm Ranger Station
546106.03,2809301.86,1.75,Truck,Royal Palm Ranger Station
546114.68,2808529.24,0.67,Truck,Royal Palm Ranger Station
545712.33,2808511.72,1.53,Truck,Royal Palm Ranger Station
545405.53,2808509.59,1.63,Truck,Royal Palm Ranger Station
544933.92,2808583.51,0.57,Truck,Royal Palm Ranger Station
544882.13,2808909.08,1.15,Truck,Royal Palm Ranger Station
545284.39,2808910.78,1.07,Truck,Royal Palm Ranger Station
545285.88,2809291.07,1.49,Truck,Royal Palm Ranger Station
544876.00,2809314.23,1.30,Truck,Royal Palm Ranger Station
545699.02,2809333.24,1.49,Truck,Royal Palm Ranger Station
545699.35,2808926.44,1.43,Truck,Royal Palm Ranger Station
544043.94,2820130.35,1.13,Truck,Royal Palm Ranger Station
543616.93,2820122.76,0.98,Truck,Royal Palm Ranger Station
543656.79,2809304.21,1.23,Truck,Royal Palm Ranger Station
543659.23,2808907.95,1.45,Truck,Royal Palm Ranger Station
543240.63,2808880.43,1.01,Truck,Royal Palm Ranger Station
543661.85,2808506.05,1.39,Truck,Royal Palm Ranger Station
543945.24,2808909.04,1.00,Truck,Royal Palm Ranger Station
543939.97,2809255.12,1.21,Truck,Royal Palm Ranger Station
543218.85,2808573.82,0.60,Truck,Royal Palm Ranger Station
542064.20,2811577.76,0.82,Truck,Royal Palm Ranger Station
542030.81,2813346.55,1.01,Truck,Royal Palm Ranger Station
541819.56,2813345.61,0.99,Truck,Royal Palm Ranger Station
542032.42,2813802.35,1.09,Truck,Royal Palm Ranger Station
542032.33,2814144.52,1.09,Truck,Royal Palm Ranger Station
541645.27,2814144.40,0.97,Truck,Royal Palm Ranger Station
542032.76,2814553.82,1.16,Truck,Royal Palm Ranger Station
541631.68,2814544.53,1.01,Truck,Royal Palm Ranger Station
542036.84,2814950.08,1.09,Truck,Royal Palm Ranger Station
541636.53,2814949.87,1.09,Truck,Royal Palm Ranger Station
542036.47,2815359.93,1.09,Truck,Royal Palm Ranger Station
541694.66,2815348.32,1.15,Truck,Royal Palm Ranger Station
542038.67,2815752.53,1.25,Truck,Royal Palm Ranger Station
541633.79,2815748.30,1.06,Truck,Royal Palm Ranger Station
542434.41,2815348.11,1.09,Truck,Royal Palm Ranger Station
542433.13,2814947.95,0.82,Truck,Royal Palm Ranger Station
542433.89,2814550.29,0.91,Truck,Royal Palm Ranger Station
542434.53,2814142.36,1.01,Truck,Royal Palm Ranger Station
542433.89,2813761.92,1.13,Truck,Royal Palm Ranger Station
542431.97,2813317.70,1.05,Truck,Royal Palm Ranger Station
542814.39,2813299.39,1.20,Truck,Royal Palm Ranger Station
542807.39,2813762.80,1.14,Truck,Royal Palm Ranger Station
542805.92,2814183.77,1.19,Truck,Royal Palm Ranger Station
542801.26,2814561.93,0.96,Truck,Royal Palm Ranger Station
542797.30,2814978.14,1.09,Truck,Royal Palm Ranger Station
542439.98,2815768.65,1.11,Truck,Royal Palm Ranger Station
543232.80,2815780.14,1.08,Truck,Royal Palm Ranger Station
543631.65,2815786.93,1.14,Truck,Royal Palm Ranger Station
543627.02,2815365.20,1.31,Truck,Royal Palm Ranger Station
543229.18,2815365.60,1.26,Truck,Royal Palm Ranger Station
543017.57,2814991.55,1.03,Truck,Royal Palm Ranger Station
543099.68,2814584.48,0.99,Truck,Royal Palm Ranger Station
543210.10,2814193.86,1.18,Truck,Royal Palm Ranger Station
543626.20,2814374.24,1.09,Truck,Royal Palm Ranger Station
544005.79,2814583.96,1.14,Truck,Royal Palm Ranger Station
544027.30,2814986.19,1.18,Truck,Royal Palm Ranger Station
544025.11,2814196.41,1.21,Truck,Royal Palm Ranger Station
543632.60,2814192.15,1.33,Truck,Royal Palm Ranger Station
543215.80,2813796.81,1.23,Truck,Royal Palm Ranger Station
543214.67,2813368.52,1.12,Truck,Royal Palm Ranger Station
543647.01,2813800.92,1.22,Truck,Royal Palm Ranger Station
543972.18,2813803.30,0.73,Truck,Royal Palm Ranger Station
544016.15,2812166.37,1.11,Truck,Royal Palm Ranger Station
544042.96,2810928.06,1.44,Truck,Royal Palm Ranger Station
543229.94,2810923.55,1.06,Truck,Royal Palm Ranger Station
543427.78,2817334.58,0.77,Truck,Royal Palm Ranger Station
543371.90,2817795.31,1.09,Truck,Royal Palm Ranger Station
543623.12,2818046.50,1.30,Truck,Royal Palm Ranger Station
545709.19,2812554.83,1.42,Truck,Royal Palm Ranger Station
545592.68,2812272.44,1.25,Truck,Royal Palm Ranger Station
545689.66,2811751.65,2.34,Truck,Royal Palm Ranger Station
545396.97,2811749.98,2.00,Truck,Royal Palm Ranger Station
545295.08,2812143.37,1.33,Truck,Royal Palm Ranger Station
544889.32,2812140.35,1.11,Truck,Royal Palm Ranger Station
545279.05,2811339.34,1.56,Truck,Royal Palm Ranger Station
544864.54,2811331.29,1.26,Truck,Royal Palm Ranger Station
544446.20,2811331.20,1.13,Truck,Royal Palm Ranger Station
544440.32,2811735.14,1.12,Truck,Royal Palm Ranger Station
544454.91,2812144.28,0.98,Truck,Royal Palm Ranger Station
544456.71,2812546.94,1.05,Truck,Royal Palm Ranger Station
545689.18,2811341.99,1.94,Truck,Royal Palm Ranger Station
545795.91,2810940.85,2.00,Truck,Royal Palm Ranger Station
545726.04,2810533.23,1.98,Truck,Royal Palm Ranger Station
545282.28,2810532.71,1.27,Truck,Royal Palm Ranger Station
544878.01,2810535.45,1.29,Truck,Royal Palm Ranger Station
544477.52,2810537.89,1.44,Truck,Royal Palm Ranger Station
544353.57,2810956.85,1.47,Truck,Royal Palm Ranger Station
544866.65,2810933.36,1.26,Truck,Royal Palm Ranger Station
545688.96,2810140.11,1.63,Truck,Royal Palm Ranger Station
545290.69,2810127.19,1.07,Truck,Royal Palm Ranger Station
544871.80,2810127.53,1.21,Truck,Royal Palm Ranger Station
544461.58,2810128.71,1.26,Truck,Royal Palm Ranger Station
544873.90,2809713.84,1.38,Truck,Royal Palm Ranger Station
545275.46,2809717.74,1.73,Truck,Royal Palm Ranger Station
545739.42,2809722.07,1.56,Truck,Royal Palm Ranger Station
546497.05,2810121.34,1.57,Truck,Royal Palm Ranger Station
546493.94,2810603.34,2.19,Truck,Royal Palm Ranger Station
546496.77,2810930.98,1.93,Truck,Royal Palm Ranger Station
546900.47,2810590.97,2.03,Truck,Royal Palm Ranger Station
546899.00,2810138.86,1.85,Truck,Royal Palm Ranger Station
547729.18,2810145.87,1.33,Truck,Royal Palm Ranger Station
547737.56,2810963.25,1.39,Truck,Royal Palm Ranger Station
547723.09,2810576.16,1.57,Truck,Royal Palm Ranger Station
547317.41,2811005.97,1.21,Truck,Royal Palm Ranger Station
546910.74,2811004.66,1.17,Truck,Royal Palm Ranger Station
